,Company,Inches,ScreenResolution,CpuVenderName,CpuType,CpuSpeed,Ram,Memory,GpuName,OpSys,Weight,Price_euros
0,1,13.3,23,1,40,2.3,8.0,10,2,8,1.37,1339.69
1,1,13.3,1,1,40,1.8,8.0,9,2,8,1.34,898.94
2,7,15.6,8,1,46,2.5,8.0,18,2,0,1.86,575.0
3,1,15.4,25,1,54,2.7,16.0,27,0,8,1.83,2537.45
4,1,13.3,23,1,40,3.1,8.0,18,2,8,1.37,1803.6
5,0,15.6,0,0,11,3.0,4.0,11,0,6,2.1,400.0
6,1,15.4,25,1,54,2.2,16.0,13,2,7,2.04,2139.97
7,1,13.3,1,1,40,1.8,8.0,13,2,8,1.34,1158.7
8,2,14.0,8,1,70,1.8,16.0,27,3,6,1.3,1495.0
9,0,14.0,15,1,53,1.6,8.0,18,2,6,1.6,770.0
10,7,15.6,0,1,46,2.5,4.0,11,2,0,1.86,393.9
11,7,15.6,8,1,36,2.0,4.0,11,2,0,1.86,344.99
12,1,15.4,25,1,54,2.8,16.0,18,0,8,1.83,2439.97
13,4,15.6,8,1,36,2.0,4.0,18,0,6,2.2,498.9
14,1,12.0,22,1,33,1.2,8.0,18,2,8,0.92,1262.4
15,1,13.3,23,1,40,2.3,8.0,18,2,8,1.37,1518.55
16,4,15.6,8,1,62,2.7,8.0,18,0,6,2.2,745.0
17,1,15.4,25,1,54,2.9,16.0,27,0,8,1.83,2858.0
18,10,15.6,8,1,38,2.4,8.0,15,3,0,2.2,499.0
19,4,13.3,13,1,53,1.6,8.0,10,2,6,1.22,979.0
20,2,11.6,0,1,16,1.44,2.0,4,2,6,0.98,191.9
21,10,15.6,15,1,47,2.5,8.0,20,3,6,2.5,999.0
22,7,15.6,0,0,79,1.5,4.0,11,0,0,1.86,258.0
23,4,13.3,7,1,53,1.6,8.0,18,2,6,1.62,819.0
24,7,15.6,8,1,70,1.8,8.0,18,2,6,1.91,659.0
25,4,15.6,0,1,36,2.0,4.0,15,2,6,2.3,418.64
26,1,13.3,1,1,40,1.6,8.0,9,2,7,1.35,1099.0
27,4,15.6,8,1,53,1.6,8.0,18,0,6,2.2,800.0
28,4,15.6,8,1,71,1.9,8.0,25,2,6,1.88,1298.0
29,7,17.3,8,1,53,1.6,8.0,15,3,6,2.5,896.0
30,3,15.6,8,1,15,1.44,4.0,7,2,6,1.89,244.99
31,2,14.0,0,0,77,1.5,2.0,4,0,6,1.65,199.0
32,7,17.3,8,0,7,2.5,4.0,11,0,6,2.71,439.0
33,4,13.3,35,1,70,1.8,16.0,27,2,6,1.2,1869.0
34,1,13.3,1,1,40,1.6,8.0,13,2,7,1.35,998.0
35,10,14.0,0,1,22,1.1,4.0,7,2,6,1.44,249.0
36,0,15.6,0,1,39,2.7,4.0,15,2,1,2.1,367.0
37,4,17.3,15,1,53,1.6,8.0,20,0,6,2.8,979.0
38,7,15.6,0,1,46,2.5,4.0,15,2,6,1.86,488.69
39,7,15.6,8,1,53,1.6,8.0,18,3,6,2.1,879.0
40,2,15.6,8,1,36,2.0,4.0,15,2,1,2.0,389.0
41,4,15.6,15,1,66,2.8,16.0,24,3,6,2.65,1499.0
42,2,15.6,0,1,46,2.5,8.0,15,3,1,2.3,522.99
43,0,15.6,15,1,53,1.6,4.0,18,2,6,2.2,682.0
44,4,17.3,7,1,53,1.6,12.0,15,3,6,2.77,999.0
45,1,13.3,23,1,40,2.0,8.0,18,2,8,1.37,1419.0
46,10,15.6,0,1,36,2.0,4.0,10,2,0,2.2,369.0
47,2,17.3,8,0,89,3.0,8.0,24,0,6,3.2,1299.0
48,4,15.6,8,1,46,2.5,4.0,18,0,6,2.3,639.0
49,2,17.3,0,1,87,1.1,4.0,15,3,6,2.8,466.0
50,10,10.1,28,1,17,1.44,4.0,7,2,2,0.69,319.0
51,0,15.6,15,1,70,1.8,8.0,18,3,6,2.2,841.0
52,7,15.6,8,0,7,2.5,4.0,18,0,6,1.86,398.49
53,7,13.3,8,1,70,1.8,8.0,27,2,6,1.49,1103.0
54,0,15.6,0,1,38,2.4,4.0,15,2,6,2.4,384.0
55,4,15.6,8,1,70,1.8,8.0,18,0,6,2.13,767.8
56,7,15.6,8,1,36,2.0,4.0,10,2,6,1.91,439.0
57,2,15.6,0,1,46,2.5,4.0,18,2,6,2.0,586.19
58,11,17.3,8,1,66,2.8,16.0,30,3,6,2.43,2449.0
59,2,15.6,8,1,36,2.0,4.0,18,2,1,2.0,415.0
60,4,17.3,8,1,70,1.8,16.0,30,0,6,2.8,1299.0
61,4,14.0,8,1,53,1.6,8.0,18,2,6,1.7,879.0
62,10,14.0,15,1,39,2.7,8.0,18,2,0,1.7,599.0
63,2,14.0,8,1,53,1.6,8.0,18,2,6,1.4,941.0
64,7,15.6,8,1,46,2.5,8.0,18,2,6,1.86,690.0
65,2,15.6,8,1,66,2.8,16.0,27,3,6,1.8,1983.0
66,7,15.6,0,1,36,2.0,4.0,11,0,6,1.86,438.69
67,7,14.0,0,1,21,1.6,4.0,6,2,6,1.44,229.0
68,10,15.6,8,1,46,2.5,4.0,15,2,6,1.9,549.0
69,2,17.3,8,1,66,2.8,12.0,15,3,1,3.0,949.0
70,13,13.5,37,1,46,2.5,4.0,10,2,5,1.252,1089.0
71,4,13.3,15,1,70,1.8,8.0,18,0,6,1.4,955.0
72,4,15.6,8,1,70,1.8,8.0,18,0,6,2.2,870.0
73,11,17.3,8,1,47,2.5,8.0,20,3,6,2.7,1095.0
74,0,14.0,0,1,36,2.0,8.0,15,2,6,2.1,389.0
75,2,15.6,8,1,66,2.8,8.0,15,3,6,2.2,949.0
76,10,15.6,8,1,46,2.5,8.0,22,2,0,2.2,519.0
77,4,15.6,8,1,70,1.8,8.0,20,2,6,2.02,855.0
78,0,15.6,8,1,39,2.7,4.0,15,3,6,2.2,530.0
79,7,17.3,8,1,53,1.6,8.0,20,3,6,2.5,977.0
80,4,15.6,15,1,53,1.6,8.0,18,2,6,1.88,1096.16
81,1,12.0,22,1,40,1.3,8.0,27,2,8,0.92,1510.0
82,7,14.0,8,1,53,1.6,8.0,18,2,6,1.63,860.0
83,10,15.6,8,0,7,2.5,4.0,10,0,6,2.2,399.0
84,0,15.6,0,0,11,3.0,4.0,15,0,6,2.1,395.0
85,4,15.6,15,1,66,2.8,16.0,20,3,6,2.65,1349.0
86,7,15.6,15,1,70,1.8,8.0,18,3,6,1.83,699.0
87,7,15.6,8,1,46,2.5,8.0,18,2,6,1.96,598.99
88,2,15.6,15,1,66,2.8,16.0,20,3,6,2.2,1449.0
89,4,13.3,15,1,70,1.8,8.0,18,2,6,1.21,1649.0
90,2,15.6,8,0,81,3.0,8.0,15,0,6,2.45,699.0
91,0,15.6,8,1,70,1.8,8.0,15,3,6,2.2,689.0
92,7,13.3,8,1,70,1.8,16.0,27,2,6,1.49,1197.0
93,4,15.6,8,1,47,2.5,8.0,18,3,6,2.65,1195.0
94,2,14.0,8,1,62,2.7,8.0,18,2,6,1.25,1049.0
95,0,13.3,13,1,53,1.6,8.0,18,2,6,1.5,847.0
96,4,15.6,8,1,62,2.7,8.0,15,0,1,2.2,599.9
97,4,15.6,8,1,36,2.0,4.0,18,0,1,2.2,485.0
98,2,15.6,8,1,38,2.4,6.0,18,3,6,2.0,577.0
99,7,15.6,15,1,66,2.8,12.0,20,3,6,2.62,1249.0
100,7,15.6,8,1,62,2.7,8.0,18,0,6,1.91,719.0
101,7,15.6,8,0,79,1.5,4.0,11,0,6,2.1,349.0
102,4,15.6,8,1,53,1.6,8.0,15,0,1,2.2,647.0
103,7,13.3,15,1,62,2.7,8.0,18,3,6,1.38,1119.0
104,13,13.5,37,1,46,2.5,8.0,18,2,5,1.252,1340.0
105,7,14.0,15,1,46,2.5,6.0,18,3,6,1.58,659.0
106,10,15.6,8,1,36,2.0,4.0,15,2,6,1.85,414.9
107,2,14.0,15,1,62,2.7,8.0,18,3,6,1.3,1193.0
108,11,15.6,8,1,66,2.8,16.0,24,3,6,2.2,1299.0
109,10,14.0,15,1,62,2.7,8.0,18,2,6,1.58,1480.0
110,2,15.6,8,1,70,1.8,16.0,24,3,6,1.5,1262.0
111,4,13.3,31,1,63,2.4,8.0,18,2,6,1.23,1379.0
112,10,13.3,13,1,46,2.5,8.0,18,2,6,1.37,1399.0
113,7,14.0,9,1,53,1.6,4.0,11,2,6,1.63,722.0
114,4,13.3,15,1,53,1.6,8.0,18,2,6,1.21,1629.0
115,7,13.3,13,1,53,1.6,8.0,18,2,6,1.26,1398.99
116,7,14.0,8,1,70,1.8,8.0,27,2,6,1.63,1084.0
117,4,15.6,15,1,70,1.8,8.0,24,3,6,2.16,1130.33
118,2,17.3,8,1,36,2.0,4.0,15,3,6,2.0,564.0
119,2,15.6,8,1,70,1.8,8.0,18,3,6,1.7,1118.0
120,0,15.6,13,1,38,2.4,6.0,15,2,6,2.1,479.0
121,11,15.6,8,1,66,2.8,16.0,30,3,6,1.8,2241.5
122,10,15.6,8,1,46,2.5,8.0,18,3,0,2.2,629.0
123,7,17.3,8,1,70,1.8,16.0,27,3,6,2.5,1271.0
124,0,15.6,0,0,11,3.0,4.0,18,0,6,2.1,451.0
125,7,15.6,0,1,21,1.6,4.0,11,2,0,1.86,259.0
126,7,14.0,8,1,53,1.6,8.0,15,2,6,1.63,812.0
127,2,14.0,0,0,73,1.5,4.0,8,0,5,1.65,277.99
128,4,17.3,8,1,70,1.8,16.0,30,0,6,2.8,1396.0
129,7,17.3,8,1,53,1.6,8.0,18,2,6,2.5,928.0
130,4,15.6,0,1,46,2.5,8.0,15,0,6,2.36,638.99
131,4,15.6,8,1,36,2.0,4.0,15,0,6,2.2,449.0
132,0,14.0,15,1,70,1.8,8.0,18,2,6,1.6,884.0
133,0,15.6,8,1,39,2.7,4.0,18,3,6,2.2,572.0
134,7,15.6,0,1,62,2.7,8.0,15,2,6,2.05,598.0
135,7,14.0,8,1,70,1.8,8.0,18,2,6,1.63,988.0
136,10,15.6,0,1,22,1.1,4.0,15,2,0,1.9,252.36
137,2,17.3,8,1,47,2.5,8.0,20,3,6,3.0,938.0
138,10,15.6,8,1,46,2.5,4.0,15,3,0,2.2,499.0
139,7,13.3,15,1,46,2.5,4.0,18,2,6,1.32,699.0
140,0,17.3,15,1,39,2.7,4.0,15,3,6,3.0,655.0
141,10,14.0,15,1,53,1.6,8.0,18,0,6,1.75,1116.02
142,10,15.6,15,1,66,2.8,8.0,18,3,0,2.4,869.0
143,16,15.6,0,1,41,2.3,4.0,11,2,6,2.1,602.0
144,7,15.6,0,0,7,2.5,4.0,18,0,6,1.86,369.0
145,2,14.0,8,1,70,1.8,8.0,18,2,6,1.25,1099.0
146,7,12.5,11,1,29,1.2,8.0,27,2,6,0.97,2014.0
147,2,15.6,8,1,22,1.1,4.0,15,2,6,2.0,344.0
148,11,17.3,8,1,66,2.8,16.0,24,3,6,2.9,2029.0
149,0,15.6,0,1,36,2.0,4.0,15,2,6,2.1,447.0
150,4,15.6,8,1,66,2.8,16.0,27,3,6,2.56,1249.26
151,4,15.6,8,1,66,2.8,8.0,28,3,6,2.62,899.0
152,10,15.6,0,1,46,2.5,4.0,10,2,6,1.9,498.0
153,11,17.3,8,1,66,2.8,16.0,24,3,6,2.8,1890.0
154,7,14.0,8,1,50,2.7,4.0,18,2,6,1.48,1082.0
155,7,15.6,8,1,53,1.6,6.0,18,0,6,1.91,619.0
156,10,14.0,13,1,38,2.4,4.0,18,2,6,1.74,629.0
157,2,13.3,7,1,53,1.6,8.0,18,2,6,1.1,1315.0
158,4,15.6,7,1,70,1.8,8.0,18,2,6,1.56,1049.0
159,16,15.6,0,1,36,2.2,4.0,11,2,6,2.1,447.0
160,2,15.6,0,0,11,3.0,4.0,15,0,6,2.03,403.0
161,0,17.3,15,1,53,1.6,4.0,18,3,6,3.0,805.0
162,4,15.6,8,1,53,1.6,8.0,18,0,6,2.13,728.0
163,10,15.6,15,1,66,2.8,16.0,18,3,6,2.5,1079.0
164,0,15.6,0,1,22,1.1,4.0,15,2,6,2.1,348.0
165,11,15.6,15,1,66,2.8,16.0,24,3,6,2.4,1799.0
166,0,15.6,0,1,87,1.1,4.0,15,2,6,2.1,363.51
167,4,15.6,8,1,66,2.8,8.0,20,3,6,2.56,1060.49
168,0,17.3,15,1,53,1.6,8.0,18,3,6,3.0,854.0
169,7,13.3,15,1,53,1.6,4.0,11,2,6,1.49,754.0
170,8,13.0,17,1,46,2.5,8.0,18,2,6,1.05,1349.0
171,7,17.3,15,1,46,2.5,6.0,22,0,6,2.71,699.0
172,10,15.6,0,0,7,2.9,4.0,11,0,0,2.2,309.0
173,16,15.6,0,1,38,2.4,4.0,11,2,6,2.0,489.0
174,7,17.3,8,1,53,1.6,8.0,18,3,6,2.5,923.0
175,4,15.6,0,1,38,2.4,8.0,15,2,6,2.3,459.0
176,0,15.6,0,1,36,2.0,4.0,10,2,6,2.1,449.0
177,11,18.4,8,1,61,2.9,32.0,31,3,6,4.4,2799.0
178,10,15.6,8,1,46,2.5,8.0,20,0,6,1.9,813.0
179,7,13.3,11,1,53,1.6,8.0,18,2,6,1.29,1499.0
180,4,15.6,8,1,70,1.8,16.0,30,0,1,2.02,1049.0
181,4,13.3,8,1,53,1.6,8.0,18,2,6,1.23,1399.0
182,10,13.9,11,1,70,1.8,16.0,27,2,6,1.4,1849.0
183,16,15.6,0,1,46,2.5,8.0,10,2,6,2.0,793.0
184,18,15.6,15,1,53,1.6,8.0,18,3,0,1.95,1199.0
185,4,17.3,7,1,70,1.8,16.0,27,3,6,2.77,1549.0
186,4,15.6,5,1,66,2.8,16.0,27,3,6,2.06,2397.0
187,10,15.6,15,1,47,2.5,8.0,18,3,0,2.4,779.0
188,0,13.3,15,1,51,1.2,8.0,18,2,6,1.12,989.0
189,4,17.3,8,1,70,1.8,8.0,20,0,6,2.8,1085.0
190,10,14.0,39,1,62,2.7,16.0,33,2,6,1.42,2824.0
191,17,14.0,15,1,22,1.1,4.0,4,2,6,1.3,260.0
192,18,13.3,15,1,46,2.5,8.0,18,3,0,1.3,999.9
193,10,17.3,2,1,53,1.6,8.0,18,3,0,2.8,698.0
194,4,13.3,13,1,70,1.8,8.0,15,2,6,1.62,839.0
195,7,17.3,15,1,53,1.6,8.0,15,3,6,2.5,914.0
196,14,17.3,5,1,67,2.9,32.0,33,3,6,3.49,6099.0
197,7,13.3,8,1,53,1.6,8.0,27,2,6,1.49,959.0
198,7,17.3,15,1,66,2.8,16.0,24,3,6,3.35,1379.0
199,7,17.3,8,1,70,1.8,8.0,18,3,6,2.5,1045.0
200,4,15.6,12,1,66,2.8,16.0,31,3,6,2.65,1845.0
201,10,15.6,0,1,41,2.3,4.0,10,2,6,2.1,493.0
202,0,15.6,8,1,62,2.7,8.0,15,3,6,2.23,742.0
203,10,15.6,15,1,66,2.8,16.0,31,3,6,3.2,1749.0
204,4,15.6,6,1,90,3.0,16.0,24,3,6,2.8,3055.0
205,10,15.6,8,1,66,2.8,16.0,27,3,0,2.4,1398.0
206,4,15.6,36,1,38,2.4,6.0,15,2,6,2.3,439.0
207,4,13.3,11,1,70,1.8,8.0,18,2,6,1.21,1949.0
208,4,13.3,8,1,70,1.8,8.0,18,2,6,1.2,1449.0
209,10,15.6,0,1,46,2.5,8.0,18,2,6,2.2,597.0
210,0,15.6,8,1,66,2.8,8.0,15,3,1,2.4,779.0
211,2,17.3,8,1,66,2.8,16.0,24,3,6,2.9,1407.0
212,7,15.6,8,1,36,2.0,4.0,11,2,0,2.1,349.0
213,10,15.6,8,1,46,2.5,8.0,18,2,0,2.2,549.0
214,8,13.0,17,1,62,2.7,8.0,27,2,6,1.05,1499.0
215,4,13.3,15,1,70,1.8,8.0,18,0,6,1.4,931.88
216,10,17.3,2,1,46,2.5,8.0,15,3,0,2.8,589.0
217,7,14.0,8,1,70,1.8,8.0,18,3,6,1.63,1031.0
218,4,14.0,8,1,53,1.6,8.0,18,2,6,1.6,1149.0
219,4,13.3,7,1,70,1.8,16.0,27,2,6,1.62,1279.0
220,4,15.6,8,1,53,1.6,8.0,18,0,1,2.2,677.35
221,10,14.0,15,1,53,1.6,8.0,18,2,6,1.74,899.0
222,16,13.3,8,1,55,2.5,8.0,18,2,6,1.2,1363.0
223,7,15.6,8,1,53,1.6,8.0,15,2,6,2.1,794.0
224,4,17.3,15,1,66,2.8,16.0,24,3,6,4.42,2456.34
225,0,15.6,8,1,62,2.7,8.0,18,3,6,2.2,832.0
226,4,15.6,7,1,62,2.7,16.0,15,0,6,2.3,859.01
227,2,15.6,8,1,46,2.5,8.0,18,3,6,2.0,769.0
228,2,17.3,8,1,46,2.5,8.0,21,3,6,2.69,891.0
229,7,15.6,8,1,62,2.7,8.0,15,0,6,1.9,1269.0
230,2,15.6,0,1,38,2.4,4.0,15,2,6,2.37,398.99
231,7,15.6,0,0,76,1.5,4.0,11,0,6,2.1,330.0
232,10,15.6,15,1,66,2.8,16.0,24,3,6,3.2,1499.0
233,4,14.0,8,1,46,2.5,8.0,18,2,6,1.6,859.0
234,0,13.3,13,1,41,2.3,8.0,18,2,6,1.6,689.0
235,4,15.6,8,1,62,2.7,16.0,18,0,1,2.36,899.0
236,0,15.6,0,1,36,2.0,4.0,15,2,1,2.1,390.0
237,2,15.6,8,0,2,2.5,4.0,20,0,6,2.2,575.0
238,2,17.3,8,1,67,2.9,32.0,31,3,6,4.7,3890.0
239,0,15.6,15,1,47,2.5,8.0,18,3,6,2.5,846.0
240,10,15.6,0,1,36,2.0,8.0,10,2,6,2.2,589.0
241,2,17.3,8,1,70,1.8,8.0,20,3,6,2.1,1145.0
242,2,17.3,8,1,62,2.7,8.0,20,3,0,2.69,889.0
243,4,15.6,8,1,47,2.5,8.0,18,3,6,2.56,879.0
244,10,13.9,13,1,62,2.7,8.0,18,2,6,1.38,1079.0
245,4,15.6,8,1,70,1.8,8.0,29,0,6,2.2,985.0
246,7,15.6,36,1,46,2.5,8.0,15,2,6,2.04,559.0
247,2,17.3,8,1,67,2.9,16.0,18,3,6,3.6,2999.0
248,7,13.3,15,1,53,1.6,4.0,11,2,6,1.49,675.0
249,1,13.3,23,1,40,3.1,8.0,27,2,8,1.37,2040.0
250,4,15.6,13,1,70,1.8,8.0,15,2,6,2.08,819.0
251,2,17.3,8,1,66,2.8,16.0,24,3,6,4.3,1799.0
252,2,15.6,0,0,11,3.0,4.0,15,0,6,1.68,469.0
253,10,13.9,13,1,70,1.8,8.0,27,2,6,1.37,1849.0
254,0,17.3,15,1,39,2.7,4.0,18,3,6,3.0,702.0
255,4,13.3,8,1,53,1.6,8.0,18,2,6,1.41,949.0
256,7,15.6,0,0,8,2.5,8.0,10,0,6,1.91,445.9
257,7,17.3,15,1,70,1.8,16.0,15,3,6,2.9,1059.0
258,11,17.3,8,1,66,2.8,16.0,31,3,6,4.14,2499.0
259,10,15.6,13,1,66,2.8,8.0,27,3,6,2.0,1699.0
260,4,17.3,8,1,70,1.8,8.0,20,0,6,2.8,1142.0
261,10,15.6,8,1,36,2.0,4.0,18,2,0,2.2,444.0
262,7,15.6,15,1,53,1.6,4.0,11,2,6,2.1,722.0
263,4,15.6,8,1,46,2.5,4.0,15,2,6,2.18,657.0
264,4,15.6,8,1,46,2.5,8.0,15,0,6,2.24,565.0
265,4,15.6,7,1,53,1.6,8.0,18,2,6,2.67,799.0
266,2,13.3,7,1,70,1.8,8.0,35,2,6,1.1,1499.0
267,10,15.6,8,1,46,2.5,4.0,15,2,0,2.2,467.0
268,7,17.3,8,1,70,1.8,8.0,15,3,6,2.5,1018.0
269,10,15.6,8,1,70,1.8,8.0,18,2,6,2.05,880.0
270,1,13.3,23,1,40,2.9,8.0,27,2,8,1.37,1958.9
271,2,17.3,8,0,89,3.0,16.0,24,0,6,3.2,1549.0
272,4,15.6,8,1,70,1.8,8.0,18,0,1,2.14,735.07
273,10,14.0,39,1,57,2.6,16.0,27,2,6,1.36,2499.0
274,16,15.6,0,1,55,2.5,8.0,11,3,6,2.2,812.0
275,4,15.6,0,1,62,2.7,12.0,15,2,6,2.3,713.07
276,4,17.3,8,1,70,1.8,8.0,20,0,1,2.8,1099.0
277,0,15.6,15,1,70,1.8,8.0,15,3,6,2.2,745.0
278,10,17.3,2,1,36,2.0,4.0,15,2,6,2.8,489.0
279,10,17.3,8,1,70,1.8,8.0,22,3,0,2.8,849.0
280,10,17.3,2,1,62,2.7,6.0,20,3,6,2.8,859.0
281,4,15.6,8,1,36,2.0,4.0,15,0,1,2.25,428.0
282,10,15.6,15,1,47,2.5,8.0,18,3,6,2.5,829.0
283,10,15.6,8,1,46,2.5,6.0,18,2,6,2.2,579.0
284,0,15.6,15,1,70,1.8,8.0,18,3,6,3.0,951.0
285,0,15.6,13,1,62,2.7,12.0,15,2,6,2.15,659.0
286,10,15.6,15,1,62,2.7,8.0,18,2,6,1.95,1097.0
287,2,15.6,8,1,46,2.5,8.0,18,3,6,1.7,977.0
288,10,15.6,15,1,66,2.8,16.0,24,3,6,2.5,1179.0
289,10,15.6,8,1,62,2.7,8.0,15,3,0,2.2,659.01
290,0,15.6,0,1,18,1.5,2.0,3,2,3,2.19,199.0
291,2,17.3,8,1,66,2.8,8.0,15,3,6,3.0,1187.0
292,7,17.3,2,1,36,2.0,8.0,15,2,6,2.54,489.0
293,4,15.6,8,1,66,2.8,8.0,18,3,6,2.0,1829.0
294,10,15.6,8,1,53,1.6,8.0,18,2,6,2.05,739.0
295,10,15.6,15,1,66,2.8,8.0,15,3,6,3.2,1299.0
296,0,15.6,8,1,66,2.8,8.0,18,3,1,2.5,979.0
297,4,17.3,8,1,68,2.9,16.0,18,3,6,3.42,2884.86
298,10,15.6,8,0,0,2.4,6.0,15,0,6,2.4,499.0
299,2,15.6,8,1,62,2.7,16.0,27,3,6,1.63,1468.0
300,2,14.0,0,1,38,2.4,4.0,10,2,6,1.3,509.0
301,2,17.3,8,1,66,2.8,16.0,24,3,6,2.9,2122.0
302,10,17.3,2,1,46,2.5,6.0,15,3,6,2.8,649.0
303,10,15.6,0,1,46,2.5,8.0,22,3,0,2.2,549.0
304,2,15.6,8,1,66,2.8,8.0,20,3,6,2.5,1265.0
305,10,15.6,0,1,87,1.1,4.0,15,2,0,2.2,359.99
306,7,13.3,7,1,64,2.8,16.0,18,2,6,1.28,1975.0
307,16,15.6,15,1,55,2.5,8.0,18,3,6,2.2,1043.0
308,10,15.6,8,1,46,2.5,8.0,20,3,6,2.3,819.0
309,7,15.6,8,1,36,2.0,4.0,15,2,6,1.86,469.0
310,10,13.3,15,1,46,2.5,8.0,18,2,6,1.1,999.0
311,4,13.3,11,1,70,1.8,16.0,33,2,6,1.21,2499.0
312,11,15.6,15,1,66,2.8,16.0,24,3,6,2.8,2099.0
313,0,15.6,8,0,9,2.2,8.0,18,0,6,2.23,469.0
314,2,11.6,36,1,22,1.1,2.0,4,2,6,1.1,275.0
315,4,15.6,8,1,53,1.6,8.0,20,0,6,2.33,844.0
316,7,13.3,11,1,70,1.8,16.0,33,2,6,1.29,2449.0
317,10,13.3,0,1,19,1.6,4.0,2,2,3,1.45,459.9
318,7,14.0,8,1,46,2.5,8.0,18,2,6,1.95,980.0
319,0,11.6,0,1,86,1.6,4.0,9,2,6,1.4,485.0
320,7,14.0,8,1,62,2.7,8.0,18,2,6,1.48,1292.0
321,10,17.3,2,1,46,2.5,4.0,15,3,6,2.79,589.0
322,2,14.0,8,1,62,2.7,8.0,18,2,6,2.0,1094.0
323,7,15.6,14,1,70,1.8,8.0,15,2,6,2.1,902.0
324,0,15.6,0,0,4,2.7,8.0,18,0,6,2.2,659.0
325,10,14.0,0,1,22,1.1,4.0,4,2,6,1.44,292.0
326,0,15.6,0,1,46,2.5,6.0,15,2,6,2.23,549.0
327,2,15.6,8,1,62,2.7,8.0,18,3,6,1.7,1049.9
328,7,12.5,8,1,62,2.7,8.0,18,2,6,1.26,1335.0
329,4,15.6,5,1,66,2.8,32.0,33,3,6,2.06,2639.0
330,11,17.3,8,1,66,2.8,8.0,24,3,6,2.7,1199.0
331,16,15.6,15,1,46,2.5,8.0,18,2,6,2.0,943.0
332,2,14.0,8,1,62,2.7,8.0,24,2,6,2.0,1334.0
333,10,15.6,8,1,36,2.0,4.0,15,2,6,1.85,449.0
334,2,15.6,8,1,66,2.8,8.0,18,3,6,2.5,999.0
335,7,14.0,8,1,48,2.6,8.0,18,2,6,1.48,1268.0
336,4,15.6,15,1,53,1.6,8.0,20,3,6,1.9,1049.0
337,7,15.6,8,1,46,2.5,8.0,18,2,6,1.84,1144.0
338,2,15.6,0,1,22,1.1,4.0,15,2,1,2.0,274.99
339,4,15.6,8,1,53,1.6,8.0,18,3,6,2.0,1142.75
340,4,15.6,0,1,21,1.6,4.0,11,2,1,2.2,274.9
341,10,15.6,8,0,4,3.6,12.0,22,0,6,2.2,899.0
342,7,15.6,15,1,38,2.4,8.0,15,3,6,2.1,716.0
343,10,13.9,11,1,70,1.8,16.0,27,2,6,1.4,2099.0
344,4,13.3,8,1,70,1.8,8.0,18,2,6,1.2,1579.0
345,10,15.6,15,1,66,2.8,16.0,30,3,6,2.4,1129.0
346,7,14.0,0,1,21,1.6,2.0,4,2,6,1.44,279.0
347,4,15.6,8,1,71,1.9,16.0,32,2,6,1.88,1607.96
348,2,11.6,36,1,22,1.1,4.0,4,2,6,1.5,375.0
349,4,15.6,8,1,53,1.6,8.0,15,0,6,1.9,663.0
350,4,15.6,5,1,66,2.8,16.0,27,3,6,2.06,2027.42
351,7,15.6,8,1,62,2.7,8.0,18,2,6,1.84,1304.0
352,11,17.3,8,1,66,2.8,8.0,20,3,6,2.7,1409.0
353,7,15.6,8,1,66,2.8,8.0,18,3,6,2.6,1738.27
354,16,15.6,15,1,55,2.5,16.0,27,3,6,2.4,1403.0
355,4,15.6,8,1,70,1.8,8.0,29,0,6,2.02,970.9
356,10,15.6,0,1,22,1.1,4.0,15,2,0,2.2,321.99
357,4,15.6,8,1,47,2.5,8.0,15,3,6,2.65,999.0
358,4,15.6,36,1,46,2.5,8.0,22,2,6,2.36,557.37
359,4,14.0,8,1,48,2.6,8.0,18,2,6,1.36,1427.0
360,7,15.6,0,1,36,2.0,4.0,11,2,6,1.86,439.0
361,2,14.0,8,1,46,2.5,8.0,18,2,6,2.0,945.0
362,10,17.3,2,1,46,2.5,6.0,20,3,6,2.8,719.0
363,7,15.6,8,1,46,2.5,8.0,15,2,6,1.86,639.0
364,10,15.6,0,1,36,2.0,8.0,18,3,0,2.2,499.0
365,7,15.6,0,1,86,1.6,8.0,22,2,6,2.04,389.0
366,4,17.3,8,1,53,1.6,8.0,20,0,6,2.8,1085.0
367,10,15.6,15,1,47,2.5,8.0,20,3,0,2.4,809.0
368,4,15.6,8,1,62,2.7,8.0,18,0,6,2.33,899.0
369,7,14.0,15,1,62,2.7,8.0,18,2,6,1.36,1750.0
370,2,15.6,7,1,62,2.7,12.0,34,3,6,2.26,1099.0
371,0,15.6,0,0,11,3.0,4.0,10,0,6,2.1,426.0
372,2,17.3,15,0,89,3.0,16.0,24,0,6,3.25,2199.0
373,10,17.3,2,0,9,2.2,4.0,10,0,6,2.6,489.0
374,4,13.3,7,1,70,1.8,8.0,18,2,6,1.62,869.01
375,7,15.6,8,0,11,3.0,4.0,18,0,6,1.91,488.99
376,10,11.6,9,1,24,1.1,4.0,10,2,6,1.59,553.0
377,4,15.6,0,1,21,1.6,4.0,11,2,6,1.8,309.0
378,2,14.0,0,1,22,1.1,4.0,4,2,6,1.5,286.0
379,0,15.6,8,1,66,2.8,8.0,15,3,1,2.4,846.0
380,7,17.3,15,1,66,2.8,8.0,20,3,6,3.35,1191.0
381,10,15.6,8,1,36,2.0,4.0,10,2,0,1.85,403.5
382,2,15.6,15,1,66,2.8,8.0,20,3,6,2.3,1655.0
383,10,14.0,15,1,46,2.5,8.0,18,3,6,1.5,1099.0
384,2,13.3,7,1,62,2.7,16.0,27,2,6,1.1,1748.9
385,10,14.0,10,1,62,2.7,8.0,27,2,6,1.13,2282.0
386,10,13.3,15,1,38,2.4,4.0,10,2,6,1.5,549.0
387,4,15.6,8,1,45,2.6,8.0,11,0,6,2.23,1369.0
388,4,15.6,15,1,60,2.7,8.0,18,3,6,2.0,2135.0
389,10,14.0,39,1,62,2.7,16.0,27,2,6,1.42,2509.0
390,2,17.3,8,1,66,2.8,8.0,15,3,6,3.0,1039.0
391,2,17.3,8,1,66,2.8,16.0,24,3,6,3.0,1591.0
392,0,15.6,9,1,53,1.6,12.0,15,3,6,2.2,693.99
393,11,17.3,8,1,66,2.8,8.0,18,3,6,2.7,1349.0
394,4,15.6,8,1,62,2.7,8.0,18,0,1,2.33,778.87
395,7,15.6,8,0,11,3.0,4.0,18,0,6,1.91,499.0
396,10,15.6,15,1,70,1.8,8.0,18,0,6,2.1,1229.56
397,10,14.0,15,1,46,2.5,8.0,18,2,6,1.9,938.0
398,4,15.6,5,1,66,2.8,8.0,18,3,6,1.78,2712.0
399,10,14.0,10,1,62,2.7,16.0,33,2,6,1.13,2625.0
400,10,15.6,0,1,22,1.1,4.0,15,2,6,2.2,306.0
401,2,17.3,8,1,66,2.8,16.0,24,3,6,2.9,1529.0
402,10,15.6,15,1,53,1.6,8.0,24,0,6,2.1,1144.5
403,0,15.6,8,1,66,2.8,8.0,18,3,1,2.5,879.0
404,11,17.3,8,1,66,2.8,16.0,24,3,6,2.8,2249.0
405,2,14.0,8,1,62,2.7,8.0,27,2,6,1.1,1873.0
406,16,13.3,8,1,55,2.5,16.0,27,2,6,1.2,1747.0
407,4,14.0,8,1,64,2.8,8.0,27,2,6,1.36,1680.0
408,10,15.6,8,1,36,2.0,4.0,11,2,6,2.2,409.0
409,10,11.6,0,1,22,1.1,2.0,4,2,6,1.15,304.45
410,10,15.6,8,1,66,2.8,8.0,27,3,6,2.67,1925.0
411,10,14.0,18,1,66,2.8,8.0,27,3,6,1.7,1943.0
412,7,15.6,8,1,36,2.0,4.0,15,0,6,2.1,469.0
413,0,13.3,13,1,55,2.5,8.0,18,2,6,1.6,789.01
414,2,13.3,13,1,46,2.5,8.0,18,2,6,1.27,928.0
415,4,15.6,8,1,46,2.5,4.0,18,0,1,2.3,598.9
416,4,13.3,0,1,36,2.0,4.0,10,2,6,1.65,689.0
417,7,14.0,8,1,55,2.5,8.0,18,2,6,1.43,1500.0
418,4,15.6,0,1,46,2.5,8.0,15,2,6,2.14,539.95
419,10,14.0,15,1,70,1.8,8.0,18,0,6,1.75,1215.38
420,10,15.6,11,1,66,2.8,16.0,27,3,6,2.0,1899.0
421,3,12.3,24,1,24,1.1,6.0,7,2,6,1.4,449.0
422,7,15.6,8,1,68,2.9,8.0,18,2,6,2.31,1427.0
423,2,15.6,8,1,38,2.4,8.0,15,3,1,2.3,597.0
424,4,17.3,10,1,67,2.9,16.0,24,3,6,4.42,2799.0
425,4,15.6,15,1,66,2.8,8.0,20,3,6,2.62,1159.0
426,4,15.6,8,1,70,1.8,8.0,30,0,6,2.02,1142.4
427,4,14.0,8,1,64,2.8,8.0,18,2,1,1.6,1099.0
428,7,17.3,8,1,66,2.8,12.0,24,3,6,3.35,1999.0
429,12,11.6,13,1,22,1.1,4.0,6,2,6,1.16,299.0
430,15,11.6,0,1,21,1.6,4.0,2,2,3,1.15,269.0
431,10,13.3,15,1,62,2.7,8.0,18,2,6,1.4,1010.0
432,10,14.0,15,1,39,2.7,4.0,10,2,6,1.7,599.0
433,10,15.6,12,1,64,2.8,16.0,27,3,6,2.3,2445.0
434,10,15.6,8,1,68,2.9,16.0,27,3,6,2.5,2449.0
435,2,17.3,8,0,88,3.2,8.0,24,0,6,3.2,1695.0
436,7,15.6,0,1,21,1.6,4.0,11,2,6,2.1,347.0
437,6,12.3,38,1,69,1.3,16.0,27,2,3,1.1,2199.0
438,10,14.0,4,1,62,2.7,24.0,27,2,6,1.32,2382.0
439,2,15.6,8,1,46,2.5,4.0,18,2,1,2.0,559.0
440,10,17.3,2,0,7,2.5,8.0,15,0,6,2.8,519.0
441,4,15.6,8,1,53,1.6,4.0,18,0,6,2.2,749.0
442,10,12.5,15,1,46,2.5,8.0,18,2,6,1.36,1429.0
443,10,15.6,8,1,87,1.1,4.0,10,2,6,2.2,349.0
444,7,15.6,15,1,66,2.8,8.0,20,3,6,2.2,1099.0
445,4,14.0,8,1,49,2.8,8.0,18,3,6,1.64,1179.0
446,0,15.6,0,1,46,2.5,4.0,11,2,1,2.4,441.8
447,4,15.6,8,1,90,3.0,8.0,19,3,6,2.23,1993.0
448,11,15.6,8,1,47,2.5,8.0,18,3,6,2.2,1027.74
449,13,13.5,37,1,65,2.5,16.0,27,2,5,1.25,2589.0
450,7,15.6,0,1,46,2.5,8.0,10,2,6,1.91,589.0
451,4,15.6,15,1,60,2.7,16.0,18,3,6,2.17,1975.0
452,7,15.6,15,1,68,2.9,8.0,27,2,6,2.31,1534.0
453,10,14.0,8,1,46,2.5,8.0,18,2,6,1.65,1345.0
454,4,15.6,8,1,70,1.8,8.0,20,0,6,2.36,979.0
455,4,11.6,36,1,86,1.6,4.0,11,2,6,1.47,479.0
456,4,17.3,15,1,66,2.7,8.0,15,3,6,4.42,2046.0
457,13,13.5,37,1,34,2.2,4.0,10,2,5,1.252,989.0
458,13,13.5,37,1,65,2.5,8.0,18,2,5,1.25,1799.0
459,7,17.3,2,1,36,2.0,8.0,18,2,6,2.5,639.9
460,0,15.6,8,1,36,2.0,4.0,15,3,6,2.23,544.0
461,0,11.6,0,1,21,1.6,4.0,10,2,6,1.4,435.0
462,2,15.6,8,1,46,2.5,8.0,15,2,6,2.37,749.0
463,10,14.0,15,1,62,2.7,8.0,27,0,0,1.5,799.0
464,10,15.6,8,1,68,2.9,8.0,18,3,6,2.67,2090.0
465,2,15.6,0,1,87,1.1,4.0,11,2,6,2.0,304.0
466,0,15.6,0,1,36,2.0,4.0,11,3,6,2.2,469.0
467,4,15.6,8,1,53,1.6,8.0,22,0,6,2.02,759.0
468,7,17.3,15,1,66,2.8,12.0,15,3,6,3.78,1699.0
469,10,14.0,20,1,57,2.6,12.0,18,2,6,1.4,1858.0
470,7,13.3,11,1,70,1.8,8.0,27,2,6,1.29,1999.0
471,7,15.6,8,1,46,2.5,8.0,11,0,6,1.9,1154.0
472,6,12.3,38,1,52,1.2,8.0,10,2,3,1.1,1275.0
473,4,13.3,7,1,53,1.6,8.0,18,2,6,1.42,1841.85
474,2,15.6,12,1,58,2.6,12.0,20,2,6,2.06,1299.0
475,4,14.0,0,1,37,2.3,8.0,10,2,6,1.79,740.0
476,4,15.6,8,1,66,2.8,8.0,18,3,6,1.78,2408.0
477,10,14.0,8,1,46,2.5,8.0,12,2,6,1.7,1364.0
478,4,15.6,8,1,53,1.6,8.0,15,0,6,2.2,675.0
479,16,13.3,15,1,46,2.5,8.0,18,2,6,1.05,1672.0
480,4,15.6,15,1,70,1.8,8.0,27,3,6,2.16,1262.0
481,4,15.6,0,1,38,2.4,4.0,15,2,6,2.18,586.6
482,7,13.3,15,1,53,1.6,4.0,10,2,6,1.49,726.0
483,3,15.6,8,1,16,1.44,4.0,7,2,6,1.89,248.9
484,10,15.6,0,1,36,2.0,4.0,10,2,6,2.3,565.0
485,10,14.0,15,1,53,1.6,8.0,18,2,6,1.75,1049.0
486,4,15.6,15,1,60,2.7,16.0,27,3,6,2.17,2338.0
487,4,15.6,8,1,66,2.8,16.0,27,3,6,2.06,1899.0
488,10,12.5,15,1,62,2.7,16.0,27,2,6,1.36,1798.0
489,2,12.5,8,1,62,2.7,16.0,27,2,6,0.91,1950.0
490,10,15.6,15,1,46,2.5,8.0,18,3,6,2.3,1011.99
491,16,13.3,7,1,62,2.7,32.0,27,2,6,1.05,2799.0
492,2,15.6,8,1,66,2.8,8.0,20,3,6,1.99,1350.0
493,0,15.6,0,0,1,2.5,8.0,15,0,6,2.2,579.0
494,2,17.3,13,1,58,2.6,24.0,24,3,6,4.33,1269.0
495,10,12.5,9,1,41,2.3,8.0,12,2,6,1.3,1099.0
496,10,15.6,8,1,70,1.8,8.0,18,2,6,2.17,898.9
497,7,14.0,8,1,64,2.8,8.0,33,2,6,1.48,1749.0
498,10,13.3,15,1,38,2.4,8.0,18,2,6,1.4,949.0
499,10,15.6,15,1,46,2.5,8.0,18,2,6,2.3,911.0
500,2,11.6,0,1,22,1.1,4.0,7,2,5,1.2,340.0
501,7,15.6,0,1,46,2.5,8.0,18,0,6,1.91,618.99
502,10,13.9,13,1,53,1.6,8.0,18,2,6,1.4,1599.0
503,10,14.0,0,1,22,1.1,4.0,11,2,6,2.1,299.0
504,10,11.6,0,1,21,1.6,4.0,3,2,3,1.25,265.0
505,10,13.3,8,1,46,2.5,8.0,18,2,6,1.44,949.0
506,2,15.6,8,1,62,2.7,8.0,24,2,6,2.0,1224.0
507,0,15.6,15,1,53,1.6,4.0,15,3,6,2.2,613.0
508,7,13.3,15,1,62,2.7,8.0,27,2,6,1.34,1323.0
509,10,15.6,15,1,66,2.8,8.0,24,3,0,2.4,1149.0
510,4,13.3,13,1,46,2.5,8.0,10,2,6,1.29,899.0
511,0,15.6,8,1,62,2.7,4.0,11,3,6,2.2,639.0
512,4,15.6,8,1,46,2.5,8.0,15,2,6,2.18,836.0
513,4,15.6,8,1,70,1.8,16.0,30,0,6,2.2,1219.24
514,18,15.6,15,1,70,1.8,16.0,18,3,0,1.95,1399.95
515,2,11.6,0,1,22,1.1,2.0,4,2,6,1.1,245.0
516,7,15.6,36,1,53,1.6,4.0,15,2,6,2.04,521.47
517,2,15.6,8,1,66,2.8,24.0,27,3,6,2.24,2968.0
518,7,15.6,8,1,46,2.5,8.0,18,3,6,2.04,889.0
519,2,17.3,8,1,66,2.8,16.0,24,3,6,3.0,1504.0
520,10,15.6,15,1,66,2.8,8.0,24,3,6,3.2,1399.0
521,7,13.3,15,1,62,2.7,8.0,18,2,6,1.32,1399.0
522,4,14.0,8,1,48,2.6,8.0,18,2,6,1.64,1279.73
523,7,15.6,0,1,36,2.0,4.0,10,2,6,1.63,689.0
524,4,17.3,15,1,53,1.6,8.0,20,0,1,2.8,889.0
525,10,14.0,8,1,41,2.3,8.0,18,2,4,2.02,1340.0
526,10,15.6,8,1,62,2.7,4.0,15,3,6,2.2,799.0
527,10,15.6,0,1,36,2.0,8.0,22,3,0,2.2,459.0
528,4,15.6,8,1,46,2.5,4.0,11,0,6,2.3,585.0
529,4,15.6,8,1,49,2.8,8.0,18,2,6,1.9,1377.0
530,4,17.3,15,1,66,2.8,16.0,20,3,6,4.42,3012.77
531,16,15.6,15,1,46,2.5,8.0,11,2,6,2.0,860.0
532,2,15.6,12,1,62,2.7,8.0,24,3,6,2.0,1299.0
533,12,13.3,15,1,24,1.1,4.0,6,2,6,1.2,369.0
534,2,15.6,15,1,47,2.5,8.0,20,3,6,2.3,1649.0
535,4,15.6,8,1,64,2.8,8.0,18,3,6,1.93,1369.0
536,4,15.6,8,1,53,1.6,8.0,18,0,6,2.2,797.41
537,7,15.6,8,1,86,1.6,4.0,18,2,6,1.86,398.99
538,7,17.3,8,1,66,2.8,12.0,15,3,6,2.62,1799.0
539,10,14.0,15,1,62,2.7,8.0,18,3,6,1.87,859.0
540,4,13.3,31,1,70,1.8,8.0,18,2,6,1.2,1399.0
541,4,14.0,8,1,36,2.0,4.0,10,2,6,1.6,735.87
542,7,13.3,21,1,62,2.7,8.0,18,2,6,1.34,1145.0
543,0,15.6,8,1,47,2.5,8.0,15,3,1,2.4,798.0
544,2,15.6,0,0,74,1.8,4.0,11,0,6,2.0,349.0
545,7,15.6,8,1,38,2.4,4.0,10,2,6,2.1,705.5
546,10,14.0,8,1,46,2.5,4.0,11,2,6,1.87,785.0
547,10,15.6,8,1,41,2.3,4.0,15,2,0,2.15,462.35
548,7,15.6,8,1,36,2.0,4.0,11,2,6,1.86,397.0
549,10,15.6,15,1,62,2.7,8.0,27,2,6,1.99,1729.0
550,10,15.6,8,1,36,2.0,4.0,10,2,6,2.2,499.0
551,4,15.6,8,1,46,2.5,8.0,18,2,6,1.9,1116.99
552,4,17.3,15,1,66,2.8,16.0,24,3,6,4.42,2699.0
553,7,17.3,2,1,36,2.0,8.0,15,2,6,2.65,544.15
554,7,17.3,8,1,62,2.7,8.0,15,3,6,2.63,1280.0
555,2,15.6,0,1,22,1.1,4.0,11,2,1,2.0,224.0
556,12,13.3,15,1,16,1.44,4.0,4,2,6,1.35,255.0
557,10,17.3,2,1,62,2.7,6.0,20,3,6,2.8,949.0
558,7,15.6,15,0,2,2.5,6.0,10,0,6,1.91,568.9
559,4,15.6,0,1,36,2.0,4.0,15,0,6,2.18,617.9
560,0,11.6,13,1,22,2.0,4.0,4,2,6,1.25,349.0
561,10,15.6,8,1,39,2.7,4.0,10,2,6,2.05,630.0
562,7,13.3,19,1,29,1.2,16.0,27,2,6,1.16,1965.0
563,10,17.3,15,1,66,2.8,8.0,18,3,6,3.4,2999.0
564,2,15.6,8,1,47,2.5,8.0,20,3,6,2.5,839.0
565,4,13.3,11,1,53,1.6,8.0,10,2,6,1.21,1599.0
566,4,15.6,0,1,48,2.6,4.0,11,2,6,1.93,959.0
567,5,15.6,0,1,46,2.5,8.0,15,2,6,2.2,739.0
568,10,15.6,8,1,87,1.1,4.0,11,2,6,2.2,344.0
569,10,14.0,0,1,46,2.5,4.0,11,2,6,2.02,990.0
570,7,17.3,2,1,49,2.8,8.0,11,3,6,3.14,1860.99
571,7,14.0,0,1,86,1.6,8.0,22,2,6,1.94,389.0
572,7,15.6,15,0,12,3.0,6.0,18,0,6,1.95,649.0
573,10,15.6,8,1,46,2.5,8.0,18,2,6,2.3,830.0
574,10,15.6,8,1,53,1.6,4.0,11,2,6,2.05,685.0
575,12,14.0,8,1,16,1.44,4.0,6,2,6,1.4,249.0
576,16,14.0,7,1,62,2.7,16.0,27,2,6,1.24,1865.0
577,10,17.3,15,1,59,2.7,32.0,24,3,6,4.6,2663.0
578,11,17.3,8,1,67,2.9,16.0,31,3,6,4.14,2729.0
579,4,15.6,8,1,62,2.7,8.0,18,0,1,2.2,749.01
580,12,14.0,15,1,24,1.1,4.0,6,2,6,1.45,389.0
581,4,15.6,0,1,48,2.6,8.0,11,2,6,1.9,1008.52
582,7,13.3,8,1,38,2.4,4.0,10,2,6,1.49,719.0
583,4,15.6,8,1,64,2.8,16.0,18,3,6,1.93,1537.39
584,4,11.6,0,1,21,1.6,4.0,2,2,3,1.26,295.0
585,11,17.3,8,1,59,2.7,16.0,20,3,6,4.5,2349.0
586,7,17.3,15,1,66,2.8,16.0,24,3,6,3.78,1498.0
587,10,14.0,15,1,57,2.6,12.0,18,2,6,1.4,1673.0
588,10,15.6,36,1,70,1.8,12.0,15,2,6,2.2,609.0
589,2,17.3,15,1,47,2.5,8.0,20,3,6,2.73,1770.0
590,2,15.6,36,1,46,2.5,8.0,15,2,6,2.2,739.0
591,10,15.6,8,0,4,3.6,12.0,27,0,6,2.2,949.0
592,4,11.6,36,1,30,1.0,4.0,10,2,6,1.39,603.0
593,15,15.6,8,1,66,2.8,16.0,20,3,6,2.5,1699.0
594,10,17.3,8,1,36,2.0,4.0,11,2,0,2.8,529.0
595,10,15.6,0,1,37,2.3,8.0,15,2,6,2.29,459.0
596,10,13.3,13,1,62,2.7,8.0,27,2,6,1.37,2025.0
597,10,14.0,15,1,47,2.5,8.0,18,2,6,1.7,1474.0
598,4,12.5,7,1,46,2.5,8.0,18,2,6,1.34,1670.0
599,4,15.6,7,1,66,2.8,8.0,18,3,6,2.06,1763.0
600,7,15.6,8,1,62,2.7,8.0,18,2,6,1.84,1219.0
601,7,15.6,0,1,38,2.4,4.0,11,2,6,2.1,668.48
602,0,14.0,8,1,24,1.1,4.0,4,2,6,1.6,329.0
603,11,17.3,8,1,59,2.7,16.0,20,3,6,4.14,2199.0
604,4,15.6,0,1,36,2.0,4.0,15,0,1,2.18,465.0
605,11,15.6,6,1,66,2.8,16.0,30,3,6,1.8,2299.0
606,16,15.6,15,1,55,2.5,8.0,18,2,6,2.2,1399.0
607,10,15.6,8,1,46,2.5,6.0,15,2,6,2.4,564.0
608,10,15.6,13,1,66,2.8,8.0,18,2,6,2.0,1299.0
609,0,14.0,0,1,86,1.6,4.0,9,2,6,1.6,349.0
610,10,15.6,12,1,92,3.1,32.0,33,3,6,2.5,4899.0
611,4,15.6,8,1,58,2.6,16.0,15,3,6,2.59,879.01
612,4,15.6,0,1,36,2.0,4.0,15,2,1,2.18,443.9
613,4,15.6,0,1,36,2.0,4.0,15,2,1,2.25,359.0
614,4,15.6,0,1,48,2.6,4.0,11,2,1,1.93,869.0
615,2,17.3,8,1,66,2.8,8.0,20,3,6,3.0,1168.0
616,4,15.6,8,1,46,2.5,4.0,10,0,1,2.18,569.0
617,7,15.6,8,1,62,2.7,8.0,27,2,6,1.84,1389.0
618,11,15.6,8,1,66,2.8,16.0,24,3,6,2.94,2267.86
619,0,11.6,27,1,23,1.6,4.0,4,2,3,1.25,379.0
620,7,14.0,0,1,48,2.6,8.0,18,2,6,2.31,1124.0
621,10,14.0,8,1,41,2.3,8.0,18,2,4,1.65,1465.0
622,4,15.6,8,1,53,1.6,4.0,15,0,6,2.2,776.0
623,5,15.6,0,1,46,2.5,8.0,18,2,6,2.2,799.0
624,7,15.6,0,1,41,2.3,4.0,11,2,4,1.88,932.0
625,10,15.6,8,1,62,2.7,8.0,15,3,6,2.2,899.0
626,12,14.0,8,1,16,1.44,2.0,4,2,6,1.4,239.0
627,10,15.6,8,1,46,2.5,4.0,10,2,0,2.2,468.0
628,2,13.3,7,1,46,2.5,6.0,15,2,6,1.5,639.01
629,4,15.6,8,1,66,2.8,8.0,18,3,6,2.0,1820.0
630,2,14.0,8,1,62,2.7,16.0,27,2,6,1.1,1900.0
631,4,15.6,8,1,66,2.8,16.0,24,3,6,2.62,1479.0
632,10,15.6,8,1,53,1.6,4.0,18,2,6,1.8,829.0
633,10,15.6,8,1,36,2.0,4.0,15,3,6,2.2,579.0
634,2,15.6,0,1,22,1.1,8.0,15,2,6,2.0,399.0
635,2,15.6,8,1,47,2.5,8.0,15,3,6,1.99,906.62
636,4,13.3,31,1,53,1.6,8.0,18,2,6,1.23,1869.0
637,10,14.0,0,1,21,1.6,2.0,4,2,6,1.42,249.0
638,10,13.3,13,1,62,2.7,8.0,18,2,6,1.37,1757.42
639,4,15.6,5,1,66,2.8,16.0,33,3,6,2.06,2399.0
640,10,15.6,15,1,66,2.8,8.0,20,3,6,2.5,1109.0
641,7,17.0,2,0,11,3.0,8.0,15,0,6,2.6,520.9
642,10,14.0,15,1,62,2.7,16.0,27,2,6,1.14,2450.0
643,2,15.6,15,1,66,2.8,8.0,15,3,0,2.5,1169.0
644,0,15.6,0,1,36,2.0,4.0,11,2,6,2.4,450.0
645,10,14.0,0,1,21,1.6,4.0,4,2,6,1.43,274.0
646,0,14.0,15,1,46,2.5,8.0,18,2,6,1.8,919.0
647,14,14.0,8,1,66,2.8,16.0,18,3,6,1.95,2599.0
648,16,13.3,8,1,41,2.3,8.0,18,2,6,1.2,1213.0
649,10,12.5,15,1,62,2.7,8.0,18,2,6,1.36,1584.0
650,2,17.3,15,1,59,2.7,32.0,27,3,6,3.8,2799.0
651,0,15.6,8,1,47,2.5,8.0,15,3,1,2.4,709.0
652,4,13.3,8,1,53,1.6,8.0,18,2,6,1.2,1449.9
653,11,15.6,8,1,66,2.8,8.0,20,3,6,2.2,1191.8
654,7,15.6,0,1,36,2.0,4.0,11,2,0,1.86,364.9
655,16,15.6,15,1,46,2.5,8.0,11,2,6,2.0,1064.0
656,4,15.6,8,1,70,1.8,8.0,18,0,6,2.2,919.0
657,4,15.6,8,1,70,1.8,16.0,30,0,6,2.2,1135.0
658,10,15.6,15,1,58,2.6,8.0,20,3,6,3.31,1196.0
659,4,17.3,12,1,66,2.8,32.0,31,3,6,4.42,3147.37
660,4,14.0,8,1,44,2.4,8.0,18,2,6,1.56,1229.0
661,10,15.6,0,1,22,1.1,4.0,11,2,6,2.2,419.0
662,10,15.6,8,1,41,2.3,4.0,11,2,6,2.2,535.0
663,7,15.6,3,1,36,2.0,6.0,15,0,6,2.04,539.0
664,11,17.3,8,1,66,2.8,8.0,20,3,6,2.7,1486.77
665,16,15.6,0,1,37,2.1,4.0,10,2,6,2.1,498.0
666,4,15.6,8,1,46,2.5,8.0,15,2,6,2.06,955.0
667,7,15.6,8,1,62,2.7,8.0,15,0,6,2.1,745.0
668,16,15.6,15,1,46,2.5,8.0,18,2,6,2.0,1258.0
669,0,15.6,0,1,36,2.0,4.0,10,2,1,2.1,412.0
670,13,13.5,37,1,64,2.8,8.0,18,2,5,1.252,1867.85
671,10,15.6,8,1,46,2.5,8.0,20,0,6,1.9,817.95
672,10,13.3,13,1,46,2.5,8.0,18,2,6,1.3,1034.0
673,10,15.6,0,0,78,2.2,4.0,10,0,6,2.2,349.0
674,7,14.0,13,1,38,2.4,4.0,10,3,6,1.63,699.0
675,11,15.6,8,1,66,2.8,16.0,24,3,6,2.4,1294.0
676,2,14.0,8,1,46,2.5,8.0,18,2,6,1.1,1135.0
677,7,11.6,36,1,22,1.1,8.0,7,2,3,1.4,495.0
678,9,15.6,15,1,70,1.8,8.0,27,2,6,1.09,2299.0
679,0,15.6,8,1,47,2.5,16.0,18,3,6,2.5,1299.0
680,11,15.6,8,1,47,2.5,8.0,18,3,6,2.2,997.9
681,2,15.6,0,1,22,1.1,4.0,10,2,6,1.86,419.0
682,4,15.6,8,1,47,2.5,16.0,20,3,6,3.21,2051.0
683,7,17.3,15,1,36,2.0,4.0,18,0,6,2.5,699.0
684,10,13.3,13,1,70,1.8,8.0,27,2,6,1.19,1499.0
685,4,15.6,8,1,67,2.9,16.0,24,3,6,3.49,2813.75
686,7,15.6,0,1,46,2.5,4.0,11,0,6,1.86,612.61
687,4,15.6,0,1,36,2.0,4.0,15,0,6,2.2,545.67
688,7,17.3,15,0,0,2.4,6.0,22,0,6,2.65,569.0
689,10,15.6,0,1,19,1.6,4.0,11,2,6,2.1,318.0
690,0,14.0,0,1,19,1.6,4.0,4,2,3,1.45,375.0
691,10,14.0,8,1,46,2.5,4.0,18,2,6,1.7,699.0
692,7,17.3,8,1,66,2.8,8.0,11,3,6,3.14,1907.99
693,10,14.0,39,1,62,2.7,8.0,18,2,6,1.42,2590.0
694,16,13.3,15,1,46,2.5,8.0,18,2,6,1.5,973.0
695,0,11.6,0,1,20,1.6,4.0,4,2,6,1.4,269.0
696,10,14.0,7,1,62,2.7,16.0,27,2,6,1.38,1749.0
697,2,12.5,7,1,31,0.9,4.0,7,2,3,1.2,669.0
698,16,13.3,7,1,55,2.5,16.0,27,2,6,1.36,1877.0
699,7,15.6,15,1,62,2.7,4.0,11,0,6,2.1,689.0
700,4,15.6,8,1,47,2.5,8.0,15,3,6,2.56,819.0
701,10,15.6,8,0,11,2.9,4.0,18,0,6,2.2,399.0
702,10,15.6,0,0,4,3.6,8.0,15,0,6,2.2,429.0
703,10,15.6,8,1,46,2.5,4.0,23,2,6,2.1,621.45
704,10,15.6,0,1,36,2.0,4.0,11,2,0,1.9,450.0
705,4,15.6,8,1,46,2.5,8.0,18,2,6,2.18,795.0
706,0,13.3,13,1,53,1.6,8.0,18,2,6,1.6,999.0
707,10,15.6,8,1,55,2.5,16.0,27,3,4,2.18,1855.0
708,10,14.0,8,1,43,2.3,8.0,18,2,6,1.8,1191.0
709,7,17.3,15,0,1,2.5,6.0,22,0,6,2.71,655.01
710,10,15.6,15,1,66,2.8,8.0,20,3,6,2.5,1249.0
711,4,14.0,8,1,49,2.8,8.0,18,3,1,1.64,1089.0
712,4,15.6,8,1,46,2.5,8.0,15,2,1,1.98,726.0
713,2,14.0,8,1,22,1.1,4.0,4,2,6,1.5,298.0
714,4,15.6,8,1,48,2.6,16.0,27,2,6,1.93,1426.66
715,10,14.0,15,1,46,2.5,8.0,18,3,6,1.87,857.07
716,4,15.6,8,1,48,2.6,8.0,18,2,6,1.9,1179.0
717,10,15.6,0,0,6,2.0,4.0,11,0,6,2.19,298.0
718,12,14.0,16,1,14,1.92,4.0,0,2,6,1.4,265.0
719,7,17.3,8,1,62,2.7,8.0,18,3,6,2.63,1200.0
720,10,14.0,20,1,55,2.5,8.0,27,2,6,1.17,1686.64
721,7,13.3,27,1,46,2.5,8.0,18,2,6,1.58,836.6
722,10,14.0,15,1,46,2.5,8.0,18,2,6,1.32,1499.0
723,4,17.3,6,1,66,2.8,32.0,38,3,6,4.36,3659.4
724,11,17.3,8,1,66,2.8,8.0,20,3,6,2.7,1348.48
725,10,15.6,0,1,46,2.5,4.0,15,2,0,1.9,489.9
726,4,15.6,8,1,53,1.6,8.0,20,0,6,2.2,719.0
727,4,13.3,7,1,38,2.4,4.0,15,2,6,1.71,649.0
728,4,15.6,0,1,46,2.5,8.0,15,0,1,2.32,589.52
729,7,15.6,8,0,11,3.0,4.0,15,0,6,2.1,489.0
730,0,17.3,15,1,58,2.6,16.0,20,3,6,4.2,1935.0
731,4,15.6,0,1,46,2.5,12.0,15,2,6,2.25,649.0
732,7,15.6,8,0,12,3.0,6.0,20,0,6,2.1,650.0
733,0,15.6,0,1,46,2.5,4.0,11,2,6,2.4,559.0
734,10,13.3,15,1,46,2.5,8.0,18,2,6,1.44,960.0
735,10,15.6,8,1,62,2.7,4.0,15,2,6,1.85,779.0
736,7,15.6,8,1,66,2.8,16.0,18,3,6,2.6,2419.0
737,4,13.3,7,1,53,1.6,8.0,15,2,6,1.55,659.0
738,11,15.6,8,1,66,2.8,16.0,24,3,6,1.8,2094.48
739,0,15.6,0,1,36,2.0,4.0,11,2,6,2.4,410.8
740,4,15.6,8,1,62,2.7,8.0,20,3,6,2.0,1207.0
741,4,15.6,0,1,36,2.0,8.0,18,2,6,2.0,665.0
742,16,14.0,13,1,46,2.5,8.0,18,2,6,1.25,1535.0
743,10,14.0,7,1,46,2.5,8.0,18,2,6,1.7,999.0
744,10,15.6,12,1,64,2.8,16.0,33,3,6,2.5,3299.0
745,0,14.0,0,1,21,1.6,2.0,4,2,3,1.68,330.0
746,15,13.3,8,1,62,2.7,16.0,18,2,6,0.81,1649.0
747,7,15.6,8,1,36,2.0,8.0,18,2,6,1.86,539.0
748,4,14.0,0,1,46,2.5,8.0,18,2,6,1.6,1126.71
749,7,17.3,15,1,91,2.9,16.0,18,3,4,3.0,4389.0
750,10,11.6,36,1,21,1.6,4.0,10,2,6,1.4,475.0
751,7,15.6,8,1,44,2.4,8.0,18,2,6,1.84,1900.0
752,2,15.6,0,1,43,2.3,4.0,15,3,0,2.45,579.0
753,10,14.0,8,1,41,2.3,4.0,12,2,6,1.7,1096.0
754,2,15.6,0,1,62,2.7,4.0,18,2,6,2.37,849.9
755,10,13.3,19,1,42,1.8,8.0,18,2,6,1.3,1199.0
756,7,15.6,15,1,47,2.5,8.0,20,3,6,2.2,1099.0
757,7,15.6,8,1,58,2.6,8.0,18,3,4,2.59,1561.0
758,4,15.6,12,1,66,2.8,16.0,24,3,6,4.42,2868.99
759,0,15.6,0,1,46,2.5,4.0,18,2,6,2.1,599.0
760,10,15.6,15,1,66,2.8,8.0,20,3,6,2.5,1048.0
761,4,12.5,8,1,64,2.8,16.0,18,2,6,1.18,1859.0
762,6,12.3,38,1,52,1.2,8.0,18,2,3,1.1,1559.0
763,2,13.3,21,1,46,2.5,8.0,18,2,6,1.2,1129.0
764,4,13.3,0,1,36,2.0,4.0,11,2,6,1.65,849.0
765,0,13.3,0,1,41,2.3,4.0,10,2,6,1.6,655.0
766,2,17.3,0,1,87,1.1,4.0,15,3,6,2.8,470.34
767,4,15.6,26,1,58,2.6,16.0,20,3,6,2.72,1099.0
768,15,13.3,7,1,62,2.7,8.0,18,2,6,1.31,1599.0
769,0,15.6,0,1,87,1.1,4.0,15,2,1,2.1,298.0
770,4,15.6,8,1,62,2.7,16.0,18,0,6,2.3,1181.27
771,15,15.0,7,1,62,2.7,16.0,18,0,6,1.71,1799.0
772,16,14.0,9,1,41,2.3,4.0,10,2,6,1.75,1020.0
773,4,15.6,8,1,66,2.8,8.0,15,3,6,2.62,1099.0
774,7,12.5,0,1,41,2.3,4.0,18,2,6,1.26,1244.0
775,2,15.6,7,1,62,2.7,12.0,22,3,6,2.3,839.0
776,10,15.6,6,1,60,2.7,16.0,27,3,4,2.5,2370.0
777,0,14.0,15,1,38,2.4,4.0,10,2,6,1.8,636.0
778,14,14.0,8,1,66,2.8,16.0,27,3,6,1.95,2899.0
779,2,15.6,3,1,84,1.1,8.0,10,2,6,2.0,581.9
780,4,17.3,15,1,66,2.8,32.0,38,3,6,4.42,3588.8
781,2,17.3,15,1,58,2.6,16.0,24,3,6,4.3,2350.0
782,16,14.0,15,1,57,2.6,16.0,27,3,6,1.47,1764.0
783,10,15.6,0,1,25,1.6,8.0,15,2,0,2.2,329.0
784,10,14.0,8,1,62,2.7,16.0,27,2,6,1.7,2299.0
785,11,14.0,15,1,66,2.8,16.0,24,3,6,1.6,1891.0
786,11,15.6,8,1,47,2.5,8.0,20,3,6,2.2,1089.0
787,10,15.6,15,1,66,2.8,4.0,15,3,6,2.4,999.0
788,0,17.3,15,1,66,2.8,16.0,24,3,6,4.2,2299.0
789,4,15.6,8,1,47,2.5,8.0,18,3,6,2.62,985.0
790,2,15.6,8,1,66,2.8,8.0,20,3,6,2.24,1339.0
791,17,14.0,3,1,22,1.1,4.0,4,2,6,1.22,202.9
792,10,13.3,13,1,62,2.7,8.0,27,2,6,1.37,1970.0
793,10,15.6,7,1,46,2.5,8.0,18,0,6,2.08,959.0
794,1,12.0,22,1,26,1.2,8.0,26,2,7,0.92,1165.0
795,10,14.0,30,1,46,2.5,8.0,18,2,6,1.42,2330.0
796,2,14.0,0,1,22,1.1,4.0,4,2,6,1.63,299.0
797,4,15.6,0,1,46,2.5,8.0,10,2,6,1.95,810.0
798,10,13.9,13,1,62,2.7,8.0,18,2,6,1.38,1349.0
799,4,15.6,8,1,36,2.0,8.0,18,0,6,2.0,739.0
800,7,15.6,8,1,66,2.8,8.0,18,3,6,3.14,2064.9
801,2,15.6,8,1,46,2.5,8.0,18,2,6,2.37,1099.0
802,4,13.3,8,1,46,2.5,8.0,18,2,6,1.29,1499.0
803,4,15.6,5,1,47,2.5,8.0,18,3,6,2.06,1749.0
804,4,11.6,0,1,87,1.1,4.0,10,2,6,1.63,744.0
805,7,12.5,0,1,48,2.6,8.0,18,2,6,1.26,1389.0
806,16,15.6,0,1,41,2.3,4.0,11,2,6,2.1,780.0
807,7,15.6,0,0,3,2.5,8.0,22,0,6,2.04,629.0
808,4,15.6,6,1,66,2.8,16.0,27,3,6,2.62,1679.0
809,10,15.6,8,1,46,2.5,4.0,15,3,6,2.4,609.0
810,7,17.3,15,1,66,2.8,12.0,15,0,6,3.74,1749.0
811,11,17.3,8,1,66,2.8,16.0,31,3,6,2.9,2415.0
812,15,13.3,8,1,46,2.5,8.0,18,2,6,0.81,1499.0
813,4,15.6,8,1,62,2.7,8.0,15,3,6,1.98,961.0
814,4,15.6,8,1,46,2.5,8.0,18,0,6,2.18,789.81
815,10,14.0,8,1,62,2.7,8.0,18,2,6,1.32,1859.0
816,14,12.5,11,1,62,2.5,16.0,27,2,6,1.29,1799.0
817,7,11.6,0,1,21,1.6,4.0,2,2,3,1.23,385.0
818,4,17.3,15,1,66,2.8,16.0,20,3,6,4.36,2505.02
819,4,14.0,0,1,41,2.3,4.0,11,2,6,1.76,755.0
820,10,15.6,0,1,36,2.0,4.0,11,2,6,2.1,489.9
821,16,14.0,0,1,46,2.5,4.0,10,2,6,1.25,1090.0
822,10,14.0,15,1,62,2.7,8.0,27,2,6,1.13,2499.0
823,11,15.6,8,1,47,2.5,8.0,18,3,6,2.4,1199.0
824,10,14.0,15,1,46,2.5,8.0,13,2,6,1.13,1875.0
825,16,14.0,0,1,82,2.1,4.0,10,2,6,1.75,499.0
826,2,13.3,34,1,46,2.5,8.0,18,2,6,1.1,1358.0
827,4,14.0,0,1,36,2.0,4.0,11,2,6,1.76,585.0
828,0,11.6,9,1,21,1.6,4.0,4,2,3,1.35,355.0
829,0,14.0,15,1,38,2.4,8.0,10,2,6,1.5,619.0
830,14,17.3,5,1,67,2.9,32.0,27,3,6,3.49,5499.0
831,10,14.0,20,1,57,2.6,16.0,27,2,6,1.1,2099.0
832,2,15.6,8,1,46,2.5,4.0,15,3,1,2.1,519.0
833,10,14.0,8,1,41,2.3,8.0,18,2,6,1.7,1186.0
834,10,14.0,15,1,48,2.6,8.0,18,2,6,1.32,1650.0
835,4,15.6,8,1,66,2.8,16.0,24,3,6,3.21,2774.63
836,2,17.3,8,1,66,2.8,16.0,24,3,6,2.9,2419.0
837,16,15.6,0,1,38,2.4,4.0,11,2,6,2.0,669.0
838,10,14.0,0,1,23,1.6,4.0,2,2,3,1.5,325.0
839,2,15.6,8,1,46,2.5,8.0,5,2,6,2.3,590.0
840,2,17.3,8,1,58,2.6,16.0,31,3,6,2.73,1799.0
841,4,17.3,15,1,66,2.8,32.0,31,3,6,4.42,3072.89
842,7,17.3,2,1,46,2.5,8.0,15,3,6,2.63,910.0
843,4,15.6,0,1,46,2.5,8.0,10,2,6,2.18,713.99
844,7,14.0,8,1,55,2.5,8.0,27,2,4,1.54,1870.0
845,4,15.6,8,1,62,2.7,4.0,18,0,6,2.18,739.0
846,7,11.6,36,1,22,1.1,4.0,4,2,3,1.4,615.0
847,2,13.3,15,1,41,2.3,8.0,27,3,6,1.45,1026.0
848,7,13.3,7,1,46,2.5,8.0,18,2,6,1.28,2277.0
849,7,14.0,8,1,55,2.5,8.0,27,2,6,1.54,1468.0
850,7,15.6,0,1,21,1.6,4.0,10,2,0,1.86,299.0
851,2,15.6,8,1,66,2.8,16.0,20,3,6,2.1,1899.0
852,4,17.3,8,1,62,2.7,8.0,15,0,1,2.83,865.0
853,10,14.0,15,1,66,2.8,8.0,18,3,6,1.96,1903.0
854,2,15.6,15,1,62,2.7,8.0,18,3,6,2.3,787.0
855,4,15.6,8,1,46,2.5,8.0,10,2,6,1.9,945.0
856,2,15.6,0,1,87,1.1,4.0,15,2,6,2.0,449.0
857,7,13.3,7,1,64,2.8,8.0,18,2,6,1.28,2559.0
858,4,13.3,7,1,41,2.3,8.0,15,2,6,1.62,649.0
859,10,15.6,8,1,36,2.0,4.0,15,2,0,2.2,469.0
860,10,15.6,15,1,46,2.5,8.0,15,2,6,2.3,850.66
861,7,15.6,8,1,48,2.6,8.0,18,0,6,1.84,1349.0
862,16,13.3,8,1,46,2.5,4.0,10,2,6,1.05,1285.0
863,10,15.6,15,1,47,2.5,8.0,15,3,0,2.5,1017.0
864,4,13.3,31,1,65,2.5,16.0,27,2,6,1.29,2240.0
865,7,15.6,8,1,41,2.3,4.0,11,2,6,2.07,910.0
866,16,13.3,0,1,41,2.3,8.0,18,2,6,1.2,1095.0
867,10,13.3,13,1,62,2.7,8.0,18,2,6,1.37,1950.0
868,0,14.0,15,1,46,2.5,8.0,18,2,6,1.56,902.0
869,4,15.6,8,1,66,2.8,8.0,15,3,6,2.23,1778.0
870,10,15.6,0,1,46,2.5,4.0,11,2,6,2.38,1055.0
871,10,15.6,8,1,36,2.0,4.0,15,0,0,2.2,479.0
872,16,15.6,15,1,62,2.7,8.0,18,2,6,2.0,1388.0
873,10,13.3,15,1,38,2.4,4.0,12,2,6,1.44,735.0
874,15,15.0,8,1,62,2.7,16.0,18,3,6,1.23,1849.0
875,4,12.5,8,1,64,2.8,8.0,18,2,6,1.6,1690.0
876,2,15.6,0,1,87,1.1,4.0,15,2,1,2.0,398.99
877,18,13.3,15,1,41,2.3,8.0,18,3,6,1.28,935.0
878,4,15.6,8,1,46,2.5,4.0,20,3,6,2.18,912.5
879,7,15.6,8,1,46,2.5,4.0,18,2,6,2.04,839.0
880,7,13.3,7,1,46,2.5,4.0,18,2,6,1.28,1700.0
881,7,15.6,36,1,46,2.5,4.0,11,2,6,2.3,684.8
882,2,14.1,0,1,22,1.1,4.0,4,2,6,1.65,348.0
883,10,15.6,15,1,55,2.5,8.0,15,3,6,2.2,669.0
884,4,15.6,0,1,86,1.6,4.0,11,2,6,2.2,369.0
885,7,13.3,7,1,46,2.5,4.0,18,2,6,1.28,1799.0
886,4,15.6,0,1,36,2.0,4.0,15,0,1,2.18,455.7
887,2,17.3,8,1,47,2.5,12.0,20,3,6,2.2,1369.9
888,0,11.6,9,1,21,1.6,4.0,4,2,3,1.25,297.0
889,10,17.3,2,0,5,2.2,4.0,11,0,6,2.8,379.0
890,7,14.0,8,1,46,2.5,4.0,10,2,6,1.95,1265.0
891,7,13.3,31,1,62,2.7,16.0,18,2,6,1.42,1399.0
892,15,15.0,8,1,62,2.7,8.0,18,2,6,1.17,1699.0
893,10,14.0,15,1,46,2.5,8.0,18,2,6,1.32,1799.0
894,11,17.3,12,1,58,2.6,16.0,34,3,6,2.43,2649.0
895,16,13.3,8,1,46,2.5,8.0,18,2,6,1.05,1475.0
896,4,15.6,8,1,66,2.8,8.0,15,3,1,2.62,929.0
897,7,15.6,8,1,62,2.7,8.0,15,3,6,2.04,900.0
898,4,15.6,0,1,36,2.0,4.0,15,0,6,2.18,614.0
899,4,15.6,8,1,48,2.6,8.0,11,2,6,1.9,935.0
900,4,13.3,31,1,69,1.3,8.0,27,2,6,1.24,2013.1
901,2,17.3,15,1,59,2.7,32.0,25,3,6,3.58,1279.0
902,4,13.3,7,1,69,1.3,16.0,18,2,6,1.22,1649.0
903,10,14.0,15,1,62,2.7,8.0,13,2,6,1.13,2049.0
904,10,15.6,15,1,46,2.5,8.0,27,2,6,1.95,1962.99
905,9,15.6,13,1,62,2.7,16.0,27,2,6,1.08,2099.0
906,7,12.5,8,1,62,2.7,8.0,27,2,6,1.26,1483.0
907,0,15.6,15,1,18,1.5,4.0,2,2,3,2.2,359.0
908,10,15.6,15,1,43,2.3,8.0,20,3,6,2.6,789.0
909,9,14.0,13,1,62,2.7,8.0,27,2,6,0.98,1899.0
910,4,14.0,8,1,49,2.8,8.0,18,2,6,1.6,1205.0
911,7,12.5,5,1,29,1.2,8.0,14,2,6,1.09,3100.0
912,10,15.6,8,1,62,2.7,6.0,18,3,6,2.2,789.0
913,7,15.6,8,1,62,2.7,8.0,18,3,6,2.04,1018.99
914,0,15.6,8,1,38,2.4,4.0,15,2,6,2.4,499.0
915,10,13.3,8,1,46,2.5,4.0,10,2,6,1.44,881.0
916,7,13.3,8,1,46,2.5,8.0,18,2,6,1.49,960.0
917,11,17.3,8,1,66,2.8,16.0,24,3,6,2.7,1599.0
918,4,15.6,8,1,66,2.8,16.0,20,3,6,2.6,1349.0
919,11,15.6,8,1,47,2.5,8.0,20,3,6,2.2,1119.91
920,4,15.6,0,1,46,2.5,4.0,15,0,6,2.18,684.99
921,7,15.6,8,1,55,2.5,8.0,18,0,6,1.84,1296.99
922,7,13.3,31,1,62,2.7,8.0,18,2,6,1.39,1149.0
923,16,15.6,15,1,57,2.6,16.0,18,3,6,2.4,1975.0
924,10,13.3,13,1,46,2.5,8.0,27,2,6,1.37,1825.0
925,4,15.6,0,1,41,2.3,4.0,11,2,6,1.95,729.9
926,10,12.5,15,1,62,2.7,8.0,18,2,6,1.36,1650.0
927,7,15.6,8,1,41,2.3,8.0,18,2,6,2.31,1165.0
928,4,15.6,0,1,46,2.5,4.0,15,2,6,2.18,708.06
929,7,14.0,0,1,41,2.3,4.0,11,2,6,1.95,1149.0
930,10,15.6,0,1,87,1.1,4.0,15,2,6,2.2,309.0
931,7,12.5,8,1,41,2.3,4.0,11,2,6,1.26,1579.0
932,7,15.6,0,1,21,1.6,4.0,15,2,0,1.86,288.9
933,10,13.3,19,1,56,2.2,16.0,33,2,6,1.3,1799.0
934,16,14.0,15,1,41,2.3,4.0,10,2,6,1.47,1105.0
935,7,12.5,8,1,41,2.3,8.0,18,2,6,1.26,1669.0
936,4,15.6,0,1,36,2.0,4.0,15,2,6,2.18,558.6
937,11,15.6,8,1,66,2.8,8.0,20,3,6,2.2,1199.0
938,4,14.0,8,1,46,2.5,8.0,18,2,6,1.36,1639.0
939,4,17.3,4,1,59,2.7,16.0,31,3,6,4.36,2758.0
940,7,17.3,15,1,43,2.3,8.0,20,3,6,2.75,1399.0
941,2,17.3,2,1,86,1.6,4.0,15,3,6,2.8,530.0
942,0,15.6,0,1,46,2.5,4.0,11,2,6,2.23,619.0
943,16,15.6,0,1,41,2.3,8.0,18,2,6,2.2,1119.0
944,10,11.3,13,1,35,1.2,8.0,18,2,6,1.1,1299.0
945,10,15.6,15,0,80,2.1,16.0,31,0,6,2.5,999.0
946,4,12.5,7,1,46,2.5,8.0,18,2,6,1.36,1472.2
947,10,15.6,8,1,62,2.7,8.0,15,3,0,2.2,685.0
948,4,17.3,2,1,36,2.0,4.0,15,0,6,2.36,659.0
949,0,14.0,0,1,21,1.6,4.0,4,2,3,1.68,349.0
950,7,15.6,15,1,60,2.7,8.0,1,3,6,2.0,2249.0
951,4,14.0,8,1,64,2.8,8.0,18,2,6,1.36,1775.0
952,16,13.3,8,1,41,2.3,8.0,18,2,4,1.2,1460.0
953,2,12.5,8,1,32,1.2,8.0,7,2,3,1.2,1159.0
954,10,14.0,15,1,57,2.6,8.0,18,2,6,1.7,1488.99
955,4,17.3,12,1,66,2.8,16.0,31,3,6,4.36,3154.0
956,4,13.3,7,1,51,1.2,8.0,18,2,6,1.24,1899.0
957,7,11.6,36,1,87,1.1,4.0,18,2,6,1.45,775.0
958,4,13.3,32,1,55,2.5,8.0,18,2,6,1.3,1268.0
959,0,11.6,27,1,21,1.6,4.0,4,2,3,1.25,389.0
960,16,13.3,8,1,44,2.4,8.0,18,2,6,1.2,1535.0
961,10,12.5,15,1,48,2.6,8.0,18,2,6,1.36,1760.0
962,0,15.6,8,1,46,2.5,12.0,20,3,6,2.4,1009.0
963,16,12.5,7,1,62,2.7,8.0,27,2,6,1.1,1790.0
964,7,15.6,0,1,46,2.5,8.0,15,3,6,2.04,846.5
965,4,15.6,0,1,36,2.0,4.0,15,0,1,2.25,465.62
966,4,15.6,0,1,46,2.5,4.0,11,2,6,1.9,825.0
967,7,15.6,8,1,38,2.4,4.0,11,2,6,2.04,685.0
968,4,17.3,15,1,66,2.8,32.0,24,3,6,4.42,3149.0
969,10,15.6,8,1,46,2.5,6.0,18,3,6,2.4,695.0
970,4,13.3,31,1,69,1.3,16.0,27,2,6,1.22,1899.0
971,4,14.0,39,1,57,2.6,8.0,18,2,6,1.5,1962.98
972,4,17.3,8,1,58,2.6,32.0,24,3,6,4.42,2800.0
973,16,14.0,8,1,41,2.3,8.0,18,2,6,1.95,1180.0
974,2,17.3,8,1,66,2.8,16.0,24,3,6,2.73,2049.9
975,7,15.6,15,1,46,2.7,8.0,20,3,6,2.04,979.0
976,10,14.0,0,1,41,2.3,4.0,17,2,4,1.7,1002.0
977,2,15.6,5,1,62,2.7,16.0,34,3,6,2.3,1799.0
978,7,15.6,0,1,62,2.7,6.0,15,2,6,2.04,579.0
979,2,17.3,8,1,66,2.8,16.0,24,3,6,2.99,1749.0
980,4,15.6,13,1,62,2.7,12.0,27,2,6,2.19,1299.0
981,16,13.3,8,1,41,2.3,4.0,10,2,4,1.2,1195.0
982,10,15.6,8,0,4,3.6,6.0,18,0,6,2.2,549.0
983,5,15.6,0,1,41,2.3,4.0,18,2,6,2.3,649.0
984,16,14.0,0,1,41,2.3,4.0,11,2,6,1.75,915.0
985,4,15.6,0,1,46,2.5,4.0,11,0,6,2.25,599.0
986,7,15.6,8,1,46,2.5,8.0,15,2,6,2.04,806.0
987,10,15.6,15,1,66,2.8,8.0,20,3,6,2.5,1189.0
988,4,15.6,0,1,62,2.7,8.0,15,0,6,2.36,749.0
989,4,14.0,8,1,46,2.5,8.0,10,2,6,1.6,1119.0
990,7,12.5,8,1,29,1.2,8.0,27,2,6,0.97,1908.0
991,7,15.6,8,1,36,2.0,4.0,20,0,6,2.1,499.0
992,10,15.6,0,1,22,1.1,4.0,10,2,0,1.9,270.62
993,10,15.6,8,1,41,2.3,8.0,18,2,6,2.3,1349.0
994,4,13.3,7,1,46,2.5,8.0,18,2,6,1.68,889.0
995,2,13.3,32,1,46,2.5,8.0,18,2,6,1.4,1150.0
996,7,13.3,13,1,62,2.7,8.0,18,2,6,1.11,1349.0
997,0,15.6,0,1,87,1.1,4.0,11,2,6,2.4,380.0
998,2,15.6,8,1,66,2.8,16.0,24,3,6,2.5,1799.0
999,7,14.0,8,1,62,2.7,8.0,27,2,6,1.48,2089.0
1000,0,15.6,15,1,66,2.8,8.0,20,3,6,2.7,1260.0
1001,7,13.3,15,1,46,2.5,8.0,18,2,6,1.34,1189.0
1002,4,15.6,0,1,38,2.4,4.0,10,2,6,2.18,547.0
1003,7,14.0,0,1,46,2.5,4.0,11,2,6,1.64,779.0
1004,16,13.3,8,1,41,2.3,4.0,10,2,6,1.2,1195.0
1005,7,14.0,0,1,44,2.4,4.0,18,2,6,1.48,1099.99
1006,7,14.0,8,1,46,2.5,4.0,18,2,6,1.95,1205.0
1007,7,14.0,8,1,57,2.6,8.0,18,2,4,1.43,1449.0
1008,7,14.0,8,1,46,2.5,8.0,18,3,6,1.64,1049.26
1009,7,14.0,0,1,38,2.4,4.0,11,2,6,1.64,684.0
1010,4,15.6,8,1,47,2.5,8.0,28,3,6,2.65,949.0
1011,7,12.5,8,1,46,2.5,4.0,11,2,6,1.26,1539.0
1012,7,14.0,8,1,46,2.5,4.0,18,2,6,1.48,1590.0
1013,7,14.0,8,1,55,2.5,8.0,18,2,6,1.54,1887.21
1014,7,13.3,0,1,38,2.4,4.0,11,2,6,1.49,800.0
1015,16,13.3,0,1,41,2.3,8.0,18,2,6,1.5,1210.0
1016,7,15.6,0,1,38,2.4,4.0,18,2,6,2.04,769.99
1017,10,17.3,12,1,60,2.7,16.0,27,3,4,2.4,2968.0
1018,16,14.0,15,1,41,2.3,8.0,18,2,6,1.47,1490.0
1019,7,14.0,8,1,55,2.5,8.0,18,2,6,1.43,2229.0
1020,4,15.6,13,1,37,2.3,4.0,15,2,6,2.08,795.99
1021,16,13.3,8,1,41,2.3,8.0,18,2,6,1.2,1590.0
1022,7,13.3,15,1,46,2.5,8.0,18,2,6,1.11,1149.0
1023,7,14.0,8,1,62,2.7,8.0,18,3,6,1.64,1185.43
1024,4,15.6,8,1,44,2.4,8.0,11,2,6,2.09,1046.44
1025,7,12.5,0,1,46,2.5,4.0,18,2,6,1.26,1559.0
1026,7,14.0,0,1,46,2.5,4.0,11,2,6,2.31,1189.0
1027,7,14.0,0,1,46,2.5,4.0,11,2,6,1.95,1060.0
1028,4,13.3,31,1,46,2.5,8.0,18,2,6,1.29,1624.0
1029,7,17.3,8,1,46,2.5,8.0,18,3,6,2.63,1080.0
1030,7,14.0,0,1,46,2.5,4.0,18,2,6,1.64,973.0
1031,0,15.6,0,0,11,3.0,6.0,15,0,6,2.1,409.0
1032,11,17.3,8,1,66,2.8,8.0,20,3,6,2.7,1191.8
1033,7,14.0,8,1,41,2.3,8.0,18,2,4,1.95,1195.0
1034,7,15.6,8,1,55,2.5,8.0,18,2,6,1.84,1228.99
1035,7,12.5,8,1,55,2.5,8.0,18,2,6,1.26,1349.0
1036,7,15.6,0,1,46,2.5,4.0,11,2,6,2.04,742.0
1037,16,14.0,15,1,57,2.6,8.0,18,2,6,1.47,1725.0
1038,4,15.6,8,1,44,2.4,8.0,18,2,4,2.09,1062.95
1039,7,14.0,8,1,46,2.5,8.0,18,2,6,1.64,1010.51
1040,10,15.6,13,1,55,2.5,4.0,18,2,6,1.8,847.0
1041,17,14.0,0,1,13,1.44,2.0,4,2,6,1.45,210.8
1042,16,15.6,15,1,55,2.5,16.0,18,3,6,2.4,1425.0
1043,10,15.6,8,1,41,2.3,8.0,18,2,6,2.3,1049.6
1044,7,14.0,8,1,41,2.3,4.0,11,2,6,1.54,1000.0
1045,7,15.6,8,1,44,2.4,8.0,21,2,6,1.84,2103.34
1046,7,14.0,8,1,41,2.3,8.0,18,2,4,1.43,1469.0
1047,11,17.3,15,1,59,2.7,16.0,24,3,6,3.78,1545.64
1048,10,17.3,15,1,58,2.6,16.0,20,3,6,4.6,2289.99
1049,2,11.6,0,1,21,1.6,4.0,2,2,3,1.2,287.9
1050,10,14.0,10,1,57,2.6,16.0,18,2,4,1.1,2620.0
1051,7,15.6,15,1,62,2.7,8.0,15,3,6,1.91,979.0
1052,4,15.6,13,1,46,2.7,8.0,18,2,6,2.3,1094.0
1053,7,15.6,0,1,46,2.5,4.0,18,2,6,2.04,979.0
1054,4,13.3,31,1,62,2.7,16.0,33,2,6,1.2,2254.0
1055,7,15.6,0,1,37,2.3,4.0,11,2,6,2.31,705.15
1056,7,15.6,0,1,46,2.5,4.0,11,2,0,1.96,499.0
1057,0,15.6,0,0,9,2.2,8.0,15,0,6,2.4,449.0
1058,4,13.3,13,1,62,2.7,12.0,18,2,6,1.6,1299.0
1059,11,15.6,8,1,58,2.6,16.0,24,3,6,2.94,1819.0
1060,7,15.6,8,1,62,2.7,8.0,18,2,6,2.04,1070.0
1061,2,17.3,15,1,58,2.6,16.0,15,3,0,4.0,998.0
1062,4,15.6,8,1,46,2.5,4.0,15,2,6,2.25,559.0
1063,4,15.6,8,1,62,2.7,16.0,22,0,6,2.32,989.99
1064,11,15.6,8,1,58,2.6,16.0,24,3,6,1.8,1929.0
1065,4,13.3,8,1,62,2.7,8.0,18,2,6,1.29,1458.0
1066,2,17.3,15,1,59,2.7,64.0,33,3,6,3.58,3975.0
1067,4,13.3,7,1,55,2.5,8.0,18,2,6,1.62,798.01
1068,4,15.6,6,1,58,2.6,16.0,24,3,6,3.21,1329.0
1069,1,12.0,22,1,26,1.1,8.0,13,2,7,0.92,1300.0
1070,4,15.6,0,1,37,2.3,4.0,11,2,6,2.06,481.98
1071,7,15.6,0,1,41,2.3,4.0,11,2,6,2.31,1199.0
1072,7,12.5,8,1,41,2.3,8.0,18,2,4,1.26,1199.0
1073,7,13.3,8,1,62,2.7,8.0,18,2,6,1.49,1090.0
1074,10,12.5,13,1,55,2.5,8.0,18,2,6,1.3,1713.49
1075,10,17.3,2,1,41,2.3,8.0,16,0,6,3.0,659.0
1076,10,15.6,15,1,43,2.3,4.0,15,3,6,2.3,977.0
1077,11,17.3,8,1,66,2.8,16.0,24,3,6,3.78,2499.0
1078,10,15.6,0,1,41,2.3,4.0,11,2,6,2.1,540.0
1079,7,15.6,8,1,41,2.3,4.0,11,2,4,2.31,940.0
1080,10,12.5,30,1,29,1.2,8.0,27,2,6,0.99,1399.0
1081,10,17.3,15,1,59,2.7,32.0,37,3,6,4.6,3240.0
1082,10,10.1,28,1,17,1.44,4.0,7,2,6,0.69,646.27
1083,7,13.3,12,1,62,2.7,16.0,27,2,6,1.3,2049.0
1084,4,15.6,8,1,46,2.5,8.0,18,2,6,2.18,750.0
1085,7,14.0,8,1,41,2.3,4.0,11,2,4,1.54,1030.99
1086,7,15.6,8,1,55,2.5,8.0,18,0,4,1.9,1495.0
1087,10,14.0,8,1,41,2.3,8.0,12,2,4,1.7,1199.0
1088,7,13.3,32,1,83,1.5,4.0,4,2,3,1.29,615.0
1089,0,15.6,0,0,9,2.2,4.0,11,0,6,2.4,387.0
1090,4,15.6,0,1,85,1.6,4.0,11,2,1,2.2,393.49
1091,7,15.6,0,1,36,2.0,4.0,15,2,0,1.86,345.99
1092,2,17.3,15,1,66,2.8,8.0,24,3,6,2.7,1599.0
1093,4,13.3,15,1,53,1.6,4.0,18,0,6,1.4,818.35
1094,7,12.5,0,1,41,2.3,4.0,10,2,4,2.4,1599.0
1095,0,15.6,8,1,46,2.5,8.0,24,3,6,2.4,799.0
1096,4,15.6,8,1,46,2.5,8.0,15,0,6,2.36,638.8
1097,11,17.3,8,1,58,2.6,8.0,18,3,6,2.6,1599.0
1098,7,15.6,0,1,86,1.6,4.0,15,2,6,1.96,500.0
1099,2,17.3,15,1,58,2.6,16.0,20,3,6,4.3,2299.0
1100,4,12.5,0,1,37,2.3,4.0,11,2,4,1.5,1135.15
1101,4,12.5,0,1,37,2.3,4.0,10,2,4,1.5,1166.97
1102,0,15.6,0,1,18,1.5,4.0,3,2,3,2.2,209.0
1103,7,17.3,15,1,58,2.6,8.0,15,0,4,3.0,2899.0
1104,10,15.6,8,1,66,2.8,16.0,27,3,6,2.4,1199.0
1105,4,12.5,0,1,41,2.3,8.0,18,2,4,1.5,1413.1
1106,11,17.3,8,1,58,2.6,8.0,20,3,6,2.9,1511.19
1107,10,15.6,13,1,41,2.3,4.0,18,2,6,2.1,867.0
1108,7,15.6,8,0,7,2.5,4.0,15,0,6,2.1,398.0
1109,2,15.6,15,1,58,2.6,16.0,20,3,6,2.59,1339.0
1110,7,13.3,31,1,28,1.1,8.0,18,2,6,1.16,1699.0
1111,4,15.6,0,1,41,2.3,4.0,11,0,4,2.24,769.15
1112,10,15.6,0,1,36,2.0,4.0,10,2,6,2.1,429.0
1113,7,13.3,8,1,55,2.5,8.0,27,2,6,1.16,1969.0
1114,10,10.1,28,1,17,1.44,4.0,7,2,2,0.69,549.0
1115,4,13.3,8,1,63,2.4,8.0,18,2,6,1.23,1379.0
1116,10,17.3,15,1,59,2.7,16.0,36,3,6,4.6,2749.99
1117,14,12.5,33,1,55,2.5,8.0,18,2,6,1.25,1029.0
1118,16,13.3,8,1,62,2.7,16.0,27,2,6,1.05,2226.0
1119,2,17.3,8,1,58,2.6,8.0,20,3,6,3.52,1312.49
1120,17,13.3,8,1,13,1.44,4.0,4,2,6,1.35,196.0
1121,7,13.3,8,1,41,2.3,8.0,18,2,6,1.16,1690.0
1122,7,14.0,8,1,41,2.3,8.0,18,2,4,1.43,1513.0
1123,4,15.6,0,1,41,2.3,4.0,11,2,1,2.09,523.63
1124,2,15.6,0,1,38,2.4,4.0,15,2,6,2.0,435.0
1125,10,14.0,13,1,55,2.5,8.0,18,2,6,1.8,1669.0
1126,10,10.1,28,1,17,1.44,4.0,7,2,6,0.69,479.0
1127,7,12.5,0,1,44,2.4,8.0,18,2,4,1.26,1895.0
1128,10,15.6,15,1,47,2.5,8.0,20,3,0,2.4,989.0
1129,7,17.3,15,1,43,2.3,8.0,20,3,6,3.35,1129.0
1130,7,15.6,0,1,62,2.7,8.0,22,2,6,2.04,629.0
1131,10,14.0,13,1,57,2.6,8.0,27,3,4,1.8,2050.38
1132,2,14.0,0,1,22,1.1,4.0,4,2,6,1.5,278.0
1133,7,15.6,8,1,62,2.7,8.0,18,2,6,1.84,752.0
1134,0,15.6,8,1,46,2.5,4.0,15,3,6,2.23,616.0
1135,10,15.6,8,1,55,2.5,16.0,28,0,6,2.5,1099.0
1136,7,17.3,15,1,58,2.6,8.0,18,3,4,3.0,3949.4
1137,4,15.6,0,1,46,2.5,8.0,15,0,6,2.5,784.0
1138,11,17.3,8,1,60,2.7,16.0,24,3,6,3.78,2399.0
1139,7,15.6,8,1,55,2.5,8.0,18,2,4,1.88,2171.72
1140,10,14.0,30,1,57,2.6,16.0,27,2,6,2.8,2440.0
1141,11,15.6,8,1,66,2.8,8.0,20,3,6,2.4,1142.8
1142,7,13.3,7,1,44,2.4,8.0,18,2,6,1.48,1629.0
1143,7,15.6,15,1,58,2.6,8.0,18,3,4,2.59,2229.0
1144,7,13.3,39,1,57,2.6,8.0,18,2,6,1.48,1799.0
1145,7,15.6,8,1,58,2.6,8.0,18,3,4,2.0,1899.0
1146,7,12.5,8,1,55,2.5,8.0,18,2,4,1.26,2296.95
1147,4,15.6,8,1,62,2.7,8.0,18,3,6,2.18,1009.9
1148,7,15.6,8,1,41,2.3,8.0,18,2,4,1.88,1579.0
1149,10,14.0,30,1,55,2.5,8.0,18,2,6,1.27,2339.0
1150,10,15.6,0,1,36,2.0,4.0,15,2,0,1.9,339.0
1151,7,15.6,0,0,74,1.8,4.0,11,0,6,1.86,297.0
1152,10,15.6,8,1,41,2.3,8.0,15,0,0,2.32,599.0
1153,4,15.6,8,1,66,2.8,8.0,15,3,6,2.62,1199.0
1154,4,15.6,26,1,43,2.3,8.0,18,3,6,2.04,2250.68
1155,7,15.6,8,0,8,2.5,4.0,18,0,6,1.91,478.89
1156,11,17.3,8,1,66,2.8,16.0,24,3,6,2.7,1492.8
1157,10,14.0,8,1,57,2.6,12.0,27,2,4,1.4,2299.0
1158,10,15.6,8,1,41,2.3,8.0,28,0,6,2.5,788.49
1159,7,13.3,39,1,57,2.6,8.0,27,2,6,1.48,2041.0
1160,10,14.0,8,1,57,2.6,8.0,18,2,4,1.7,1499.0
1161,11,14.0,8,1,58,2.6,16.0,24,3,6,1.7,1769.0
1162,7,15.6,15,1,66,2.8,8.0,15,3,6,2.62,899.0
1163,10,15.6,0,1,36,2.0,8.0,15,2,6,2.2,459.0
1164,7,15.6,0,1,41,2.3,4.0,11,2,0,2.1,476.99
1165,4,15.6,6,1,66,2.8,8.0,20,3,6,2.62,1498.0
1166,10,15.6,15,1,46,2.5,8.0,18,2,6,1.95,1390.0
1167,10,15.6,8,1,36,2.0,4.0,15,3,6,2.2,468.0
1168,7,14.0,0,1,21,1.6,2.0,4,2,6,1.44,249.0
1169,11,15.6,15,1,62,2.7,8.0,15,3,6,2.2,839.0
1170,7,15.6,8,1,55,2.5,8.0,18,2,6,1.96,679.0
1171,7,15.6,8,1,70,1.8,16.0,27,2,6,2.1,1159.0
1172,2,15.6,0,1,20,1.6,4.0,11,2,6,2.2,369.0
1173,10,15.6,0,1,41,2.3,4.0,11,2,0,2.1,398.0
1174,10,15.6,8,1,62,2.7,8.0,15,3,0,2.2,709.0
1175,2,14.0,8,1,38,2.4,4.0,18,2,6,2.0,769.0
1176,10,15.6,8,1,55,2.5,4.0,28,2,4,2.32,825.0
1177,10,15.6,15,1,58,2.6,16.0,27,3,6,3.31,1305.0
1178,11,15.6,8,1,58,2.6,16.0,20,3,6,1.91,2153.37
1179,7,15.6,0,1,37,2.3,4.0,11,2,6,2.07,650.0
1180,10,14.0,30,1,41,2.3,8.0,18,2,6,1.36,1637.0
1181,10,15.6,8,1,62,2.7,6.0,18,3,6,1.54,831.0
1182,4,15.6,8,1,62,2.7,8.0,18,3,1,1.98,895.01
1183,0,15.6,0,1,22,2.0,4.0,11,2,6,2.1,333.0
1184,7,15.6,15,1,58,2.6,6.0,15,3,6,2.18,799.0
1185,2,15.6,15,1,58,2.6,8.0,24,3,6,2.591,909.0
1186,4,15.6,7,1,62,2.7,16.0,27,2,6,2.09,1179.0
1187,0,15.6,8,1,46,2.5,4.0,18,3,6,2.23,691.0
1188,4,13.3,31,1,44,2.4,8.0,18,2,1,1.23,1099.0
1189,0,17.3,15,1,66,2.8,16.0,24,3,6,4.2,2599.0
1190,10,15.6,15,1,47,2.5,8.0,15,3,6,2.4,819.0
1191,15,12.3,29,2,72,2.0,4.0,4,1,3,1.15,659.0
1192,7,15.6,0,1,46,2.5,4.0,11,2,6,1.86,485.0
1193,1,12.0,22,1,26,1.1,8.0,13,2,7,0.92,1163.0
1194,4,13.3,13,1,46,2.5,8.0,18,2,6,1.6,1199.0
1195,7,15.6,15,1,66,2.8,12.0,20,3,6,2.21,1327.0
1196,10,15.6,0,1,36,2.0,4.0,15,0,0,1.9,368.0
1197,2,17.3,15,1,58,2.6,16.0,31,3,6,4.3,2150.0
1198,0,15.6,0,1,22,2.0,4.0,15,2,1,2.1,272.0
1199,11,17.3,8,1,66,2.8,16.0,24,3,6,2.43,2048.9
1200,4,15.6,0,1,36,2.0,4.0,10,0,6,2.3,499.0
1201,10,15.6,0,1,55,2.5,8.0,11,3,0,2.2,629.0
1202,4,15.6,7,1,70,1.8,16.0,27,2,6,2.0,1285.0
1203,4,13.3,31,1,62,2.7,16.0,27,2,6,1.2,2680.0
1204,2,15.6,8,1,58,2.6,8.0,15,3,6,2.2,1169.0
1205,4,15.6,8,1,46,2.5,8.0,18,0,6,2.36,889.0
1206,7,15.6,0,1,46,2.5,8.0,18,2,6,1.91,579.0
1207,10,15.6,0,0,75,2.2,4.0,11,0,6,2.2,299.0
1208,0,17.3,2,1,36,2.0,8.0,15,3,6,3.3,629.0
1209,2,15.6,8,1,66,2.8,16.0,24,3,6,2.2,2449.0
1210,1,12.0,22,1,26,1.2,8.0,26,2,7,0.92,1279.0
1211,2,15.6,8,1,66,2.8,16.0,20,3,6,2.2,1749.0
1212,11,17.3,15,1,58,2.6,16.0,24,3,6,2.43,1948.99
1213,4,15.6,13,1,46,2.5,8.0,18,2,6,2.191,999.0
1214,2,17.3,8,1,66,2.8,16.0,24,3,6,2.9,1949.0
1215,0,11.6,0,1,18,1.5,2.0,6,2,3,1.3,174.0
1216,0,17.3,2,1,36,2.0,4.0,15,3,6,3.3,598.0
1217,10,17.3,2,1,46,2.5,8.0,15,2,0,2.8,539.0
1218,10,15.6,15,1,58,2.6,8.0,20,3,6,2.6,1272.0
1219,0,14.0,13,1,69,1.3,8.0,18,2,6,1.2,1149.0
1220,10,15.6,15,1,57,2.6,8.0,18,2,6,2.3,1529.0
1221,11,15.6,8,1,58,2.6,8.0,20,3,6,2.2,1476.11
1222,7,15.6,8,0,4,2.7,6.0,15,0,6,2.1,529.0
1223,4,12.5,7,1,44,2.4,8.0,18,2,4,1.26,1713.37
1224,4,15.0,7,1,38,2.4,4.0,11,2,6,2.08,509.0
1225,2,15.6,0,1,86,1.6,4.0,15,2,6,2.65,309.0
1226,4,13.3,31,1,62,2.7,8.0,18,2,6,1.29,1477.0
1227,4,15.6,0,1,46,2.5,4.0,15,2,1,2.18,521.86
1228,10,15.6,13,1,58,2.6,16.0,20,3,6,2.6,1029.0
1229,11,15.6,8,1,66,2.8,8.0,20,3,6,2.2,1149.0
1230,10,12.5,13,1,55,2.5,16.0,27,2,6,1.3,1650.0
1231,14,14.0,8,1,66,2.8,16.0,33,3,6,1.95,3499.0
1232,4,15.6,36,1,38,2.4,8.0,15,2,6,2.3,469.01
1233,11,17.3,8,1,66,2.8,16.0,24,3,6,2.7,1598.0
1234,1,11.6,0,1,40,1.6,4.0,13,2,7,1.08,959.0
1235,7,15.6,8,1,36,2.0,4.0,15,2,6,2.1,478.0
1236,7,14.0,4,1,55,2.5,8.0,18,2,4,1.54,2198.19
1237,4,15.6,0,1,41,2.3,4.0,11,2,4,2.24,737.0
1238,11,15.6,8,1,58,2.6,8.0,20,3,6,2.3,1169.0
1239,10,13.3,15,1,62,2.7,16.0,27,2,6,1.4,1499.0
1240,10,15.6,8,0,4,3.6,6.0,18,0,6,2.2,597.57
1241,2,13.3,8,1,55,2.5,8.0,18,2,6,1.45,1280.0
1242,0,15.6,0,1,36,2.0,4.0,11,2,1,2.4,361.8
1243,4,17.3,7,1,62,2.7,16.0,27,3,6,2.77,1799.0
1244,7,14.0,8,1,41,2.3,4.0,18,2,4,1.54,1099.99
1245,2,15.6,15,1,66,2.8,16.0,24,3,6,2.5,1600.0
1246,4,14.0,0,1,46,2.5,4.0,11,2,6,1.6,875.0
1247,2,15.6,15,1,58,2.6,16.0,24,3,6,2.34,2325.0
1248,10,15.6,15,1,46,2.5,8.0,18,2,0,2.3,573.0
1249,4,13.3,31,1,51,1.2,8.0,18,2,6,1.24,1813.0
1250,4,15.6,0,1,86,1.6,4.0,11,2,1,2.2,324.0
1251,7,15.6,0,0,7,2.5,4.0,11,0,6,1.86,399.0
1252,10,15.6,8,1,37,2.3,6.0,10,3,6,2.4,569.0
1253,10,14.0,15,1,41,2.3,8.0,18,2,6,1.9,1072.0
1254,4,15.6,0,1,85,1.6,4.0,11,2,6,2.2,443.99
1255,2,15.6,0,1,22,1.1,4.0,15,2,6,2.0,339.0
1256,2,17.3,15,1,58,2.6,16.0,20,3,6,4.0,1900.0
1257,4,15.6,0,1,36,2.0,4.0,11,2,6,2.29,490.0
1258,10,15.6,8,1,55,2.5,8.0,28,0,4,2.32,895.0
1259,11,15.6,8,1,58,2.6,8.0,20,3,6,2.4,1229.0
1260,10,14.0,7,1,41,2.3,4.0,10,2,6,1.8,833.01
1261,2,13.3,15,1,27,0.9,8.0,27,2,6,1.2,729.0
1262,4,15.6,0,1,38,2.4,6.0,15,2,6,2.3,459.0
1263,0,15.6,0,1,21,1.6,4.0,11,2,1,2.4,289.0
1264,4,15.6,0,1,20,1.6,2.0,11,2,6,2.2,379.0
1265,10,15.6,15,1,58,2.6,8.0,15,3,6,2.6,899.0
1266,7,15.6,8,0,10,2.9,6.0,28,0,6,2.04,549.99
1267,4,15.6,0,1,62,2.7,8.0,15,0,1,2.3,805.99
1268,7,11.6,0,1,21,1.6,2.0,4,2,6,1.17,209.0
1269,2,15.6,0,1,55,2.5,4.0,11,3,6,2.2,720.32
1270,10,14.0,13,1,55,2.5,4.0,10,2,6,1.8,638.0
1271,10,13.3,19,1,55,2.5,16.0,27,2,6,1.3,1499.0
1272,10,14.0,0,1,20,1.6,2.0,7,2,6,1.5,229.0
1273,7,15.6,0,1,55,2.5,6.0,15,0,6,2.19,764.0
1274,2,15.6,0,1,20,1.6,4.0,11,2,6,2.2,369.0
1275,2,13.3,15,1,27,0.9,8.0,27,2,6,1.2,729.0
1276,4,15.6,0,1,38,2.4,6.0,15,2,6,2.3,459.0
1277,0,15.6,0,1,21,1.6,4.0,11,2,1,2.4,289.0
1278,4,15.6,0,1,20,1.6,2.0,11,2,6,2.2,379.0
1279,10,15.6,15,1,58,2.6,8.0,15,3,6,2.6,899.0
1280,7,15.6,8,0,10,2.9,6.0,28,0,6,2.04,549.99
1281,4,15.6,0,1,62,2.7,8.0,15,0,1,2.3,805.99
1282,7,11.6,0,1,21,1.6,2.0,4,2,6,1.17,209.0
1283,2,15.6,0,1,55,2.5,4.0,11,3,6,2.2,720.32
1284,10,14.0,13,1,55,2.5,4.0,10,2,6,1.8,638.0
1285,10,13.3,19,1,55,2.5,16.0,27,2,6,1.3,1499.0
1286,10,14.0,0,1,20,1.6,2.0,7,2,6,1.5,229.0
1287,7,15.6,0,1,55,2.5,6.0,15,0,6,2.19,764.0
1288,2,15.6,0,1,20,1.6,4.0,11,2,6,2.2,369.0
1289,2,13.3,15,1,27,0.9,8.0,27,2,6,1.2,729.0
1290,4,15.6,0,1,38,2.4,6.0,15,2,6,2.3,459.0
1291,0,15.6,0,1,21,1.6,4.0,11,2,1,2.4,289.0
1292,4,15.6,0,1,20,1.6,2.0,11,2,6,2.2,379.0
1293,10,15.6,15,1,58,2.6,8.0,15,3,6,2.6,899.0
1294,7,15.6,8,0,10,2.9,6.0,28,0,6,2.04,549.99
1295,4,15.6,0,1,62,2.7,8.0,15,0,1,2.3,805.99
1296,7,11.6,0,1,21,1.6,2.0,4,2,6,1.17,209.0
1297,2,15.6,0,1,55,2.5,4.0,11,3,6,2.2,720.32
1298,10,14.0,13,1,55,2.5,4.0,10,2,6,1.8,638.0
1299,10,13.3,19,1,55,2.5,16.0,27,2,6,1.3,1499.0
1300,10,14.0,0,1,20,1.6,2.0,7,2,6,1.5,229.0
1301,7,15.6,0,1,55,2.5,6.0,15,0,6,2.19,764.0
1302,2,15.6,0,1,20,1.6,4.0,11,2,6,2.2,369.0
